url,Country,Political Bias,source,date (dd/mm/yyyy),headline,snippet,description,keywords,positive/neutral/negative,comments (on pos/neutral/neg),open coding/categories,comments (on topics)
https://www.wsj.com/world/americas/canadas-carney-loses-cabinet-minister-over-easing-of-climate-change-rules-3d6791bf?mod=Searchresults&pos=1&page=1,US,Center,WSJ,27/11/2025,Canada’s Carney Loses Cabinet Minister Over Easing of Climate-Change Rules,"The prime minister faces his first major political setback, as a cabinet member steps down following a deal cut with the energy-rich province of Alberta that would suspend certain curbs on oil-and-gas carbon emissions.",,,Neutral,,Canadian Domestic Governance/Economy/Industry,
https://www.wsj.com/world/americas/canadas-carney-pondering-trip-to-washington-with-trade-talks-stalled-68f0794a?mod=Searchresults&pos=2&page=1,US,Center,WSJ,24/11/2025,Canada’s Carney Pondering Trip to Washington With Trade Talks Stalled,"A Carney spokeswoman said the prime minister could attend the 2026 World Cup draw at the Kennedy Center in Washington on Dec. 5, as the U.S., Mexico and Canada are co-hosts of next year’s tournament.",,,Neutral,,Canada/US Relations,
https://www.wsj.com/world/canadian-pm-carney-says-he-apologized-to-trump-over-antitariff-ad-e0d66755?mod=Searchresults&pos=4&page=1,US,Center,WSJ,01/11/2025,Canadian PM Carney Says He Apologized to Trump Over Antitariff Ad,"Canada’s prime minister said he made the apology to President Trump during a dinner earlier this week at the international economic summit in South Korea, where he also met with China’s Xi Jinping.",,,Neutral,,Canada/US Relations,
https://www.wsj.com/world/china/canada-pm-mark-carney-china-xi-trump-trade-ddebede1?mod=Searchresults&pos=5&page=1,US,Center,WSJ,30/10/2025,The Canada-U.S. Trade War Is Pushing Carney Closer to Xi,Canadian Prime Minister Mark Carney is expected to meet with Chinese leader Xi Jinping on Friday at the APEC leaders summit in South Korea.,,,Neutral,,Canada/US Relations,
https://www.wsj.com/economy/canada-to-take-bold-risks-to-reset-economy-pm-carney-says-b224f36e?mod=Searchresults&pos=6&page=1,US,Center,WSJ,22/10/2025,"Canada to Take ‘Bold’ Risks to Reset Economy, PM Carney Says",Prime Minister Mark Carney said one of the budget plan’s targets is to double the level of exports to non-U.S. markets within a decade.,,,Neutral,,Canada/US Relations,
https://www.wsj.com/world/americas/mark-carneys-shift-from-climate-change-warrior-to-fossil-fuel-cheerleader-97d17782?mod=Searchresults&pos=8&page=1,US,Center,WSJ,02/10/2025,Mark Carney’s Shift From Climate-Change Warrior to Fossil-Fuel Cheerleader,Canada’s prime minister has scrapped green policies and pledged to transform the country ‘into an energy superpower.’,,,Neutral,,Canadian Domestic Governance/Economy/Industry,
https://www.wsj.com/video/mark-carney-says-canada-will-reach-nato-spending-target-this-fiscal-year/52CEE4FE-56D8-4EB0-82D9-AB3C778F1810.html?mod=Searchresults&pos=9&page=1,US,Center,WSJ,09/06/2025,Mark Carney Says Canada Will Reach NATO Spending Target This Fiscal Year,Prime Minister Mark Carney announced a boost in Canada’s defense budget and said spending would reach NATO’s target of 2% of gross domestic product by the end of the country’s fiscal year.,,,Neutral,,Canadian Domestic Governance/Economy/Industry,
https://www.wsj.com/world/americas/mark-carney-canada-prime-minister-dd5ab528?mod=Searchresults&pos=12&page=1,US,Center,WSJ,29/04/2025,A Canadian Technocrat’s New Mission: A Radical Breakup With Trump’s U.S.,Mark Carney won Canada’s election as a counterpoint to Trump—and now success means unwinding decades of foreign policy.,,,Neutral,,Canada/US Relations,
https://www.wsj.com/search?query=mark+carney&dateRange=1yr&products=wsj%2Cvideo%2Caudio%2Clivecoverage%2Cbuyside&sort=relevance#:~:text=Carney%20Wins%20Canada%20Election%2C%20Capping%20Dramatic%20Turnaround%20for%20Liberals,US,Center,WSJ,29/04/2025,"Carney Wins Canada Election, Capping Dramatic Turnaround for Liberals","The party fell short of a parliamentary majority, while Conservative leader Pierre Poilievre said he would stay head of his party.",,,Neutral,,2025 Elections/Campaigning/Federal Parties,
https://www.wsj.com/podcasts/google-news-update/comeback-kid-mark-carney-wins-canada-election/54E4ADFA-9ADB-4D95-A76E-DCDA0B5C33C7?mod=Searchresults&pos=14&page=1,US,Center,WSJ,29/04/2025,Comeback Kid: Mark Carney Wins Canada Election,"Former central bank governor Mark Carney leads his Liberal Party to a fourth term in office following a remarkable political turnaround. In a victory speech, Carney said Canadians were over the betrayal of Donald Trump’s tariffs, but that he was ready to negotiate with the president on new trade and security pacts.",,,Positive,,2025 Elections/Campaigning/Federal Parties,
https://www.wsj.com/podcasts/minute-briefing/mark-carney-wins-canada-election/C4014627-0C67-4447-A6F1-D21D28BB1828?mod=Searchresults&pos=16&page=1,US,Center,WSJ,29/04/2025,Mark Carney Wins Canada Election,Plus: President Trump prepares to soften the impact of auto tariffs. And Wall Street Banks dig themselves out of the $13B debt they lent Elon Musk for his takeover of Twitter. Luke Vargas hosts.,,,Positive,,2025 Elections/Campaigning/Federal Parties,
https://www.wsj.com/opinion/who-is-canadas-mark-carney-election-polievre-tariff-energy-65ec80e5?mod=Searchresults&pos=17&page=1,US,Center,WSJ,30/03/2025,Who Is Canada’s Mark Carney?,The Liberal leader is a green zealot who believes in a world run by experts—like him.,,,Negative,,Biography/Opinion/Criticism/Personal Details,
https://www.wsj.com/world/americas/mark-carney-canada-election-trump-472e4dde?mod=Searchresults&pos=18&page=1,US,Center,WSJ,23/03/2025,Canada’s Mark Carney Calls a Snap Election,The race against Conservative Pierre Poilievre is set to revolve around who is best placed to fend off President Trump.,,,Neutral,,2025 Elections/Campaigning/Federal Parties,
https://www.wsj.com/video/canadian-prime-minister-mark-carney-calls-a-snap-election/47127DCD-1631-4AC3-8AA7-EAAD57FBEEBB.html?mod=Searchresults&pos=19&page=1,US,Center,WSJ,23/03/2025,Canadian Prime Minister Mark Carney Calls a Snap Election,"Canada’s Prime Minister Mark Carney called a national election, in which he will run against Pierre Poilievre of the Conservative Party, amid a trade war with President Trump.",,,Neutral,,2025 Elections/Campaigning/Federal Parties,
https://www.wsj.com/articles/canada-u-s-trade-talks-might-fail-to-produce-tariff-deal-by-aug-1-carney-says-3b854173?mod=Searchresults&pos=1&page=2,US,Center,WSJ,30/07/2025,"Canada-U.S. Trade Talks Might Fail to Produce Tariff Deal by Aug. 1, Carney Says",The uncertainty over trade is weighing on the Canadian economy.,,,Negative,,Canada/US Relations,
https://www.wsj.com/world/americas/canada-pm-carney-signals-u-s-tariffs-may-be-here-to-stay-2b2fb5cb?mod=Searchresults&pos=2&page=2,US,Center,WSJ,15/07/2025,Canada PM Carney Signals U.S. Tariffs May Be Here to Stay,The Canadian prime minister said it may not be possible to escape U.S. tariffs even with a bilateral agreement to resolve the current tariff row.,,,Negative,,Canada/US Relations,
https://www.wsj.com/articles/carney-rules-out-tax-increases-to-finance-higher-canada-defense-spending-0ec2a2e7?mod=Searchresults&pos=3&page=2,US,Center,WSJ,10/06/2025,Carney Rules Out Tax Increases to Finance Higher Canada Defense Spending,"Canada’s decision to ramp up military spending at a faster-than-expected pace marks a “significant event” for the country’s fiscal direction, Prime Minister Mark Carney said.",,,Neutral,,Canadian Domestic Governance/Economy/Industry,
https://www.wsj.com/world/americas/canada-pm-carney-says-ottawa-washington-in-intensive-talks-on-new-economic-security-deal-e91766b4?mod=Searchresults&pos=4&page=2,US,Center,WSJ,27/05/2025,Carney Says Canada and U.S. Are in Talks on a New Economic and Security Deal,"Prime Minister Mark Carney said the two nations “will cooperate where necessary, where it is in both of our interests very clearly, but we won’t necessarily cooperate.”",,,Neutral,,Canada/US Relations,
https://www.wsj.com/world/americas/prime-minister-carney-says-canada-can-emerge-as-energy-superpower-51c83ad0?mod=Searchresults&pos=5&page=2,US,Center,WSJ,13/05/2025,Prime Minister Carney Says Canada Can Emerge As Energy Superpower,Canadian Prime Minister Mark Carney said he’s willing to amend federal rules that may pose headwinds toward getting energy projects built and capitalize on the country’s abundance of natural resources.,,,Neutral,,Canadian Domestic Governance/Economy/Industry,
https://www.wsj.com/world/americas/canada-mark-carney-trump-visit-d88f4c0c?mod=Searchresults&pos=6&page=2,US,Center,WSJ,06/05/2025,"Carney, Meeting Trump, Says Canada Isn’t for Sale",President Trump repeated his suggestion that Canada become the 51st state in an otherwise collegial White House meeting with Prime Minister Mark Carney.,,,Neutral,,Canada/US Relations,
https://www.wsj.com/video/carney-pushes-back-on-trump-canada-wont-be-for-sale-ever/D589FEEC-75A4-42B1-9838-22E2F7E05BB6.html?mod=Searchresults&pos=7&page=2,US,Center,WSJ,06/05/2025,Carney Pushes Back on Trump: Canada ‘Won't Be for Sale — Ever’,President Trump met with Canadian Prime Minister Mark Carney amid rocky tensions between the two leaders since Trump implemented tariffs on Canadian goods.,,,Neutral,,Canada/US Relations,
https://www.wsj.com/video/watch-carney-says-canadas-old-relationship-with-the-us-is-over/35E98646-6005-4BF0-94A3-B6691B521775.html?mod=Searchresults&pos=11&page=2,US,Center,WSJ,25/04/2025,Watch: Carney Says Canada’s Old Relationship With the U.S. Is Over,"Days before the country’s April 28 election, Canadian Prime Minister Mark Carney’s remarks come on the heels of President Trump suggesting he might raise tariffs, currently at 25%, on cars imported from Canada.",,,Neutral,,2025 Elections/Campaigning/Federal Parties,
https://www.wsj.com/world/americas/canadas-carney-warns-of-further-auto-fallout-with-trump-attacking-domestic-sector-2a9c0433?mod=Searchresults&pos=12&page=2,US,Center,WSJ,15/04/2025,Canada’s Carney Warns of Further Auto Fallout With Trump ‘Attacking’ Domestic Sector,Prime Minister Mark Carney said he and other senior officials have spoken with senior executives at the world’s biggest automakers.,,,Neutral,,Canada/US Relations,
https://www.wsj.com/video/carney-canadas-counter-tariffs-to-inflict-maximum-pain-on-the-us/2D94BA69-8681-4D33-B711-432892CD64FE.html?mod=Searchresults&pos=14&page=2,US,Center,WSJ,11/04/2025,Carney: Canada’s Counter Tariffs to Inflict ‘Maximum Pain’ on the U.S.,"Canada's Prime Minister Mark Carney said his government will counter ""unjustified"" U.S. tariffs. Though spared from reciprocal tariffs, Canada was struck by 25% levies on steel, aluminum and cars.",,,Neutral,,Canada/US Relations,
https://www.wsj.com/video/canadian-pm-carney-us-recession-chances-have-gone-up-significantly/93868787-CDE0-4EB8-9833-79B4FA9DBF10.html?mod=Searchresults&pos=17&page=2,US,Center,WSJ,07/04/2025,Canadian PM Carney: U.S. Recession Chances Have Gone Up Significantly,"Canadian Prime Minister Mark Carney, a former central banker, said the U.S. is “driving itself into a recession” and will have significant effects on Canada.",,,Neutral,,Canada/US Relations,
https://www.wsj.com/world/americas/canada-pm-carney-says-u-s-faces-recession-risk-with-tariff-policy-3eebf27b?mod=Searchresults&pos=19&page=2,US,Center,WSJ,03/04/2025,Canada PM Carney Says U.S. Faces Recession Risk With Tariff Policy,Canadian Prime Minister Mark Carney says President Trump’s tariff order “will rupture” the global economy and increases the risk that the U.S. will fall into a recession.,,,Neutral,,Canada/US Relations,
https://www.wsj.com/video/canada-will-match-us-tariffs-on-vehicles-at-25-pm-carney-says/2A16CD74-92CD-49F7-9717-A7FBD1299188.html?mod=Searchresults&pos=20&page=2,US,Center,WSJ,03/04/2025,"Canada Will Match U.S. Tariffs on Vehicles at 25%, PM Carney Says","Canadian Prime Minister Mark Carney confirmed that his country would be excluded from President Trump’s reciprocal tariffs, although they are still subject to a 25% tariff on most imports to the U.S.",,,Neutral,,Canada/US Relations,
https://www.wsj.com/world/americas/canada-economy-trump-tariff-impact-fe920d5d?mod=Searchresults&pos=1&page=3,US,Center,WSJ,06/11/2025,Canada’s Economy Starts to Buckle Under Trump’s Tariffs,Nowhere is the toll of Trump’s trade policies more apparent than in Canada’s manufacturing heartland in the provinces of Ontario and Quebec.,,,Neutral,,Canada/US Relations,
https://www.wsj.com/economy/canada-delivers-targeted-spending-public-sector-job-cuts-to-jolt-economy-98a3a10a?mod=Searchresults&pos=2&page=3,US,Center,WSJ,04/11/2025,Canada Plans Wider Deficits to Jolt Economy,"Prime Minister Mark Carney’s government said it would cut the size of the federal public-sector workforce by about 5%, or 16,000 jobs.",,,Neutral,,Canadian Domestic Governance/Economy/Industry,
https://www.wsj.com/articles/canada-aims-to-respond-to-latest-u-s-tariffs-when-trumps-next-salvo-is-fired-9cbb218d?mod=Searchresults&pos=4&page=3,US,Center,WSJ,27/03/2025,Canada Aims to Respond to Latest U.S. Tariffs When Trump’s Next Salvo Is Fired,"Prime Minister Mark Carney pledged to respond to Trump’s latest tariffs targeting the automotive industry with strong counter measures, but held off introducing further tariffs until it becomes clear what the president will introduce next week.",,,Neutral,,Canada/US Relations,
https://www.wsj.com/opinion/mark-carney-liberals-canada-election-pierre-poilievre-donald-trump-tariffs-76b79671?mod=Searchresults&pos=7&page=3,US,Center,WSJ,29/04/2025,Carney and Canada Thump Trump,But now the re-elected Liberals have to revive an economy in decline.,,,Neutral,,Canada/US Relations,
https://www.wsj.com/world/americas/canada-to-unveil-initial-list-of-priority-infrastructure-trade-projects-130b7b4e?mod=Searchresults&pos=13&page=3,US,Center,WSJ,Sep 10 2025,"Canada to Unveil Initial List of Priority Infrastructure, Trade Projects",Prime Minister Mark Carney said the government will identify Thursday an initial list of major infrastructure projects that it wants to pursue as part of a revamp of an economy struggling under U.S. President Trump’s tariffs.,,,Neutral,,Canada/US Relations,
https://www.wsj.com/world/americas/canadas-transition-to-new-pm-should-unfold-during-week-after-liberal-party-vote-trudeau-says-ef7ab4ae?mod=Searchresults&pos=1&page=4,US,Center,WSJ,Mar 06 2025,"Canada’s Transition to New PM Should Unfold During Week After Liberal Party Vote, Trudeau Says","Former Canadian and U.K. central banker Mark Carney is viewed as the presumptive favorite, based on polling and fundraising.",,,Positive,,2025 Elections/Campaigning/Federal Parties,
https://www.wsj.com/world/americas/trumps-tariff-pause-welcome-reprieve-for-global-economy-canada-pm-carney-says-2febc2a5?mod=Searchresults&pos=4&page=4,US,Center,WSJ,30/07/2025,"Trump’s Tariff Pause ‘Welcome Reprieve’ For Global Economy, Canada PM Carney Says","Carney said the 90-day pause, and Trump’s pledge to negotiate new trading arrangements with dozens of countries, “will likely result in a fundamental restructuring of the global trading system.”",,,Neutral,,Canada/US Relations,
https://www.wsj.com/world/americas/canada-election-carney-poilievre-when-94d06f19?mod=Searchresults&pos=8&page=4,US,Center,WSJ,15/07/2025,Canada Is Voting for Its Next Leader. Here’s What to Know.,Liberal Mark Carney faces Conservative Pierre Poilievre in what has become a referendum on how Canada handles President Trump.,,,Neutral,,2025 Elections/Campaigning/Federal Parties,
https://www.upi.com/Top_News/World-News/2025/11/24/canada-Carney-Trump-talks-update/4661763968193/,US,Center,upi.com,2025-11-24,Canadian PM says he will speak with Trump 'when appropriate',"U.S. President Donald Trump (R) meets with Canadian Prime Minister Mark Carney (L) in the Oval Office of the White House in Washington, DC, on Tuesday, October ...",Prime Minister Mark Carney of Canada said he will speak with President Donald Trump,"Top News, World, Politics, Business",Neutral,,Canada/US Relations,
https://www.upi.com/Top_News/World-News/2025/11/01/Canada-Carney-apologizes-Trump-anti-tariff-ad/3971762016836/,US,Center,upi.com,2025-11-01,Carney apologizes to Trump about anti-tariff ad by Ontario Province,U.S. President Donald Trump meets with Canadian Prime Minister Mark Carney in the Oval Office of the White House on October 7. Carney said he apologized to Trum...,Canadian Prime Minister Mark Carney on Saturday said he apologized to President Donald Trump for an ad by the Ontario Province's government against U.S. tariffs...,"Top News, World, Politics, Business, Donald Trump, Ronald Reagan, Doug Ford, Toronto Blue Jays, Los Angeles Dodgers",Neutral,,Canada/US Relations,
https://www.upi.com/Top_News/US/2025/10/30/Senate-Trump-Canada-tariffs/2081761795880/,US,Center,upi.com,2025-10-30,Senate passes bill to end Trump's tariffs on Canada,"President Donald Trump (R) meets with Canadian Prime Minister Mark Carney (L) in the Oval Office of the White House in Washington, D.C., on Tuesday, October 7, ...","The U.S. Senate has passed legislation terminating the national emergency declared by President Donald Trump to impose tariffs on Canada, a day after it termina...","Top Stories, U.S., Politics, Business, Donald Trump, Susan Collins, Mitch McConnell, Lisa Murkowski, Amy Klobuchar, Rand Paul",Neutral,,Canada/US Relations,
https://www.upi.com/Top_News/US/2025/10/24/Trump-ends-trade-talks-Canada/9941761277718/,US,Center,upi.com,2025-10-24,Trump terminates trade talks with Canada over anti-tariff Reagan ad,"US President Donald Trump (R) meets with Canadian Prime Minister Mark Carney (L) in the Oval Office of the White House in Washington, DC, on Tuesday, Oct. 7, 20...",President Donald Trump late Thursday terminated all trade negotiations with Canada over an ad campaign using a speech critical of tariffs by former U.S. Preside...,"Top Stories, U.S., Politics, Donald Trump, Ronald Reagan, Doug Ford",Neutral,,Canada/US Relations,
https://www.upi.com/Top_News/World-News/2025/10/13/new-delhi-canada-india-continue-warming-relations/8551760370378/,US,Center,upi.com,2025-10-13,"Canada, India meet to continue warming relations on trade, technology","Prime Minister of Canada Mark Carney greets Prime Minister of India Narendra Modi during the G7 Leaders' Summit in Kananaskis, Alberta, Canada, in June. The for...",Canada's minister of foreign affairs announced a joint statement on trade and tech cooperation between Canada and India after two years of chilled relations.,"Top News, World, Politics, Narendra Modi, Justin Trudeau, Donald Trump, U.N. General Assemby, War in Ukraine",Neutral,,International Relations & Diplomacy,
https://www.upi.com/Top_News/World-News/2025/10/07/Canada-Carney-Trump-tariffs/2861759840241/,US,Center,upi.com,2025-10-07,Canadian PM Carney to talk tariffs with Trump in D.C. visit,Canadian Prime Minister Mark Carney (L) meets with U.S. President Donald Trump in the Oval Office at the White House on May 6. The two are expected to discuss t...,U.S. President Donald Trump is scheduled to host Canadian Prime Minister Mark Carney at the White House on Tuesday to resume trade discussions.,"Top News, World, Politics, Donald Trump",Neutral,,Canada/US Relations,
https://www.upi.com/Top_News/World-News/2025/08/25/ukraine-Canada-Mark-Carney-Kyiv-visit/4371756093196/,US,Center,upi.com,2025-08-25,Canadian PM Carney makes surprise trip to Ukraine,Prime Minister Mark Carney of Canada made a surprise visit to Ukraine on Sunday and held meetings with Ukrainian President Volodymyr Zelensky. Photo courtesy of...,"On the day celebrating Ukraine's independence, Prime Minister Mark Carney of Canada made a surprise visit to Ukraine where Ottawa and Kyiv entered several agree...","Top News, World, Defense, Donald Trump, Volodymyr Zelensky, War in Ukraine",Neutral,,International Relations & Diplomacy,
https://www.upi.com/Top_News/World-News/2025/08/22/canada-prime-minister-mark-carney-american-tariffs-donald-trump/7711755886067/,US,Center,upi.com,2025-08-22,"Canada drops most U.S. tariffs, looks for a deal","1 of 3 | Canada is dropping many of its 25% tariffs on goods made in the United States, with the change set to take effect on Sept. 1, Prime Minister Mark Carne...","Canada is dropping many of its 25% tariffs on goods made in the United States, with the change set to take effect Sept. 1, Prime Minister Mark Carney said..","Top News, World, Donald Trump",Neutral,,Canada/US Relations,
https://www.upi.com/Top_News/US/2025/08/04/Canada-trade-negotiations/4541754296068/,US,Center,upi.com,2025-08-04,"Trump, Carney expected to talk trade in coming days","Canadian Prime Minister Mark Carney seen here with President Donald Trump during a G7 Summit in Kananaskis, Alberta, Canada, on June 16, 2025. The two leaders a...","U.S. President Donald Trump and Prime Minister Mark Carney of Canada are expected in the coming days to talk trade, according to Ottawa's U.S.-Canada trade mini...","Top Stories, U.S., Politics, Business, Technology, Donald Trump",Neutral,,Canada/US Relations,
https://www.upi.com/Top_News/US/2025/07/31/Trump-Canada-trade-deal/7881753950001/,US,Center,upi.com,2025-07-31,Trump threatens trade deal over Canada's Palestine stance,"Canadian Prime Minister Mark Carney meets with U.S. President Donald Trump in the Oval Office at the White House on Tuesday, May 6, 2025. On Wednesday night, Tr...","President Donald Trump late Wednesday threatened the potential of a trade deal between the United States and Canada, after Ottawa said it would recognize a Pale...","Top Stories, U.S., Politics, Business, Technology, Donald Trump, Benjamin Netanyahu, Gaza, Hamas, U.N. General Assemby",Neutral,"""threatens""?",Canada/US Relations,trump threatening carney over palestine
https://www.upi.com/Top_News/World-News/2025/07/30/Canada-will-recognize-Palestinian-state-September/8531753921794/,US,Center,upi.com,2025-07-31,Canada to recognize Palestinian state in September as 2-state solution,Canadian Prime Minister Mark Carney meets with U.S. President Donald Trump in the Oval Office at the White House on May 6. Carney said Canada will recognzide a ...,"Canadian Prime Minister Mark Carney said his nation will recognize a Palestinian state in September, mirroring decisions by Britain and France in the past week.","Top News, World, Emmanuel Macron, Barack Obama, George W. Bush, Joe Biden, Donald Trump, Marco Rubio, Gaza, Hamas",Neutral,,International Relations & Diplomacy,
https://www.upi.com/Top_News/US/2025/07/11/Trump-Canada-tariffs-trade-war/6991752208669/,US,Center,upi.com,2025-07-11,"Trump slaps 35% tariff on Canada, escalating trade war","Canadian Prime Minister Mark Carney meets with U.S. President Donald Trump in the Oval Office at the White House on Tuesday, May 6, 2025. On Thursday, Trump ann...","President Donald Trump has announced a 35% tariff on all imports from Canada, reigniting a trade war with the United States' closest ally and one of its most im...","Top Stories, U.S., Politics, Business, Donald Trump, USMCA",Neutral,,Canada/US Relations,
https://www.upi.com/Top_News/World-News/2025/06/30/Canada-rescinds-Digital-Services-Tax-to-restart-US-trade-talks/2741751264356/,US,Center,upi.com,2025-06-30,Canada rescinds Digital Services Tax to restart U.S. trade talks,"Canadian Prime Minister Mark Carney meets with U.S. President Donald Trump in the Oval Office at the White House on Tuesday, May 6. On Sunday, Ottawa rescinded ...",Ottawa announced it was rescinding a tax on technology firms generating revenue from Canadians just hours before it was to take effect in an effort to move forw...,"Top News, World, Politics, Business, Technology, Donald Trump, Google, Amazon",Neutral,,Canada/US Relations,
https://www.upi.com/Top_News/US/2025/06/28/trump-cancels-canada-trade-talks/7501751138964/,US,Center,upi.com,2025-06-28,Trump cancels U.S.-Canadian trade talks over tech taxes,Canadian Prime Minister Mark Carney meets with President Donald Trump in the Oval Office at the White House on May 6. Trump on Friday suspended trade talks due ...,President Donald Trump cited potential Canadian taxes on U.S. tech companies as his reason for ending trade talks with Canada on Friday.,"Top Stories, U.S., Politics, Business, Technology, Donald Trump, Google, Amazon",Neutral,,Canada/US Relations,
https://www.upi.com/Top_News/World-News/2025/06/24/canada-Canada-EU-deepend-security-partnership/8701750744688/,US,Center,upi.com,2025-06-24,"Canada, EU deepen defense partnership as Ottawa shifts from U.S.","Canadian Prime Minister Mark Carney, seen here during a G7 Summit in June, signed an agreement with the EU on Monday to deepen their defensive relationship. Fil...","Canada and the European Union have agreed to deepen their security and defense relationship, as Ottawa seeks new partnerships to reduce its dependence on the Un...","Top News, World, Defense, Politics, Donald Trump",Neutral,,International Relations & Diplomacy,
https://www.upi.com/Top_News/World-News/2025/06/17/Canada-Trump-world-leaders-hold-summit/2071750077994/,US,Center,upi.com,2025-06-17,Trump leaves G7 summit to focus on Israel-Iran conflict,"1 of 8 | Canadian Prime Minister Mark Carney welcomes President Donald Trump to the G7 Summit in Kananaskis, Alberta, Canada, on Monday, before Trump announced ...","U.S. President Donald Trump on Monday night left the G7 summit in Alberta, Canada, to focus on the conflict between Israel and Iran, as French President Macron ...","Top News, World, Politics, Donald Trump, Volodymyr Zelensky, War in Ukraine, Immigration & Border Security, Emmanuel Macron",Neutral,,International Relations & Diplomacy,
https://www.upi.com/Top_News/US/2025/05/06/Canada-Trump-Carney-51st-state/3971746539078/,US,Center,upi.com,2025-05-06,"Canada's PM pushes back on Trump's statehood idea, urges economic cooperation instead",U.S. President Donald Trump will meet with Canadian Prime Minister Mark Carney Tuesday a week after Carney's Liberal Party succeeded in elections.,Canadian Prime Minister Mark Carney (L) meets with U.S. President Donald Trump in the Oval Office at the White House on Tuesday.,,Neutral,,Canada/US Relations,
https://www.upi.com/Top_News/World-News/2025/04/28/Canada-federal-election-Carney-Poilievre/2361745839043/,US,Center,upi.com,2025-04-28,Canadian PM Carney's Liberals win federal election dominated by Trump,"Canadian Prime Minister Mark Carney and his Liberal Party have won a fourth consecutive government, as voter turnout hit 67% in an election  dominated by U.S. President Donald Trump, tariffs and annexation threats.",Canadian Prime Minister was elected to a full term as his Liberal Party maintained control over the government following Monday's election.,,Neutral,,2025 Elections/Campaigning/Federal Parties,
https://www.upi.com/Top_News/World-News/2025/04/04/canada-US-auto-tariffs/7891743738453/,US,Center,upi.com,2025-04-04,Trade war: Canada hits U.S. auto imports with 25% reciprocal tariffs,"Prime Minister Mark Carney of Canada has announced reciprocal tariffs on U.S.-made vehicles as President Donald Trump's sweeping tariffs went into effect, sending shockwaves through the global financial system.","Prime Minister Mark Carney of Canada has announced reciprocal tariffs on U.S.-made vehicles as President Donald Trump's sweeping tariffs went into effect, sending shockwaves through the global financial system and straining international relations with Washington.",,Neutral,,Canada/US Relations,
https://www.upi.com/Top_News/US/2025/03/29/trump-carney-talk-tariffs/5571743276738/,US,Center,upi.com,2025-03-29,"Trump, Canada's Carney agree to hold economic, security negotiations",President Donald Trump and Canadian Prime Minister Mark Carney agreed to negotiate trade and security agreements amid a trade war between the neighboring nations and longtime allies.,President Donald Trump spoke with Canadian Prime Minister Mark Carney on Friday about trade negotiations between the two nations as Trump implements his 'America first' trade policy.,,Neutral,,Canada/US Relations,
https://www.upi.com/Top_News/World-News/2025/03/27/canada-Mark-Carney-responds-Trump-tariffs/2651743060992/,US,Center,upi.com,2025-03-27,"Trump's tariffs are a 'direct attack,' says PM Mark Carney","U.S. President Donald Trump's imposition of auto tariffs is a ""direct attack"" on Canada and its workers, Prime Minister Mark Carney said, as he vowed the Great White North will defend itself.","With the Ambassador Bridge that connects Windsor, Ont., to Detroit, Mich., behind him, Prime Minister Mark Carney of Canada said tariffs announced by U.S. President Donald Trump will hurt Americans.",,Neutral,"""vowed the great north will defend itself""",Canada/US Relations,
https://www.upi.com/Top_News/World-News/2025/03/23/canada-mark-carney-calls-snap-elections-trump/2901742755530/,US,Center,upi.com,2025-03-25,Canadian PM Mark Carney calls for snap elections 'to deal with' Trump,"Mark Carney, the recently appointed prime minister of Canada, called for snap federal elections Sunday to bolster his government's mandate in responding to U.S. President Donald Trump and his tariffs.","Mark Carney, the recently appointed prime minister of Canada, called for snap federal elections Sunday to bolster his government's mandate in responding to U.S. President Donald Trump and his tariffs.",,Neutral,,2025 Elections/Campaigning/Federal Parties,
https://www.upi.com/Top_News/World-News/2025/03/20/Canada-Carney-snap-election-Poilievre/3331742485712/,US,Center,upi.com,2025-03-20,Canadian Prime Minister Carney to call snap federal election,"Canadian Prime Minister Mark Carney will call a snap federal election Sunday with voting as soon as April 28, according to Thursday Canadian media reports.","Canadian Prime Minister Mark Carney (L) will call a snap federal election Sunday with voting as soon as April 28, according to Thursday Canadian media reports. French President Emmanuel Macron (R) greets Carney at the Elysee Palace in Paris March 17, 2025 three days after Carney was sworn in.",,Neutral,,2025 Elections/Campaigning/Federal Parties,
https://www.upi.com/Top_News/World-News/2025/03/17/Canada-Carney-Quebec-UK-EU-France-United-States/4921742211112/,US,Center,upi.com,2025-03-17,"Macron, Starmer warmly greet Carney in first foreign trip as Canada's prime minister","Mark Carney, Canada's new prime minister, chose to meet political leaders from Europe rather than U.S. President Trump in his first foreign trip on Monday.","Mark Carney, Canada's new prime minister, chose to meet political leaders from Europe rather than U.S. President Trump in his first foreign trip on Monday.",,Positive,"""Warmly greet""",International Relations & Diplomacy,
https://www.upi.com/Top_News/World-News/2025/03/10/canada-Mark-Carney-next-prime-minister/8361741574524/,US,Center,upi.com,2025-03-10,Mark Carney to be Canada's next prime minister with Liberal Party election win,"Mark Carney, the former governor of the Bank of Canada, was overwhelmingly eleected the leader of the Liberal Party and the Great White North's next prime minister on Sunday.","Mark Carney, the former governor of the Bank of Canada, won the Liberal Party leadership in a Sunday vote. He will be the next prime minister ahead of federal elections, which are expected to be announced soon.",,Neutral,,2025 Elections/Campaigning/Federal Parties,
https://www.nytimes.com/2025/10/26/us/politics/canada-tariffs-trump-carney.html,US,Left,The New York Times,2025/10/26,How Canada Is Dealing With Its Latest Tussle With President Trump,"Prime Minister Mark Carney is focusing on what the country can control, including looking for economic partnerships abroad, especially in Asia.","Prime Minister Mark Carney is focusing on what the country can control, including looking for economic partnerships abroad, especially in Asia.",,Neutral,,Canada/US Relations,
https://www.nytimes.com/2025/06/09/world/canada/carney-canada-nato-military-spending.html,US,Left,The New York Times,2025-06-09,Canada Commits Billions in Military Spending to Meet NATO Target,"Prime Minister Mark Carney promised to hit the alliance's 2 percent spending threshold this year, seven years ahead of a previous schedule.","Prime Minister Mark Carney promised to hit the alliance's 2 percent spending threshold this year, seven years ahead of a previous schedule.",,Neutral,,Canadian Domestic Governance/Economy/Industry,
https://www.nytimes.com/2025/07/22/world/canada/carney-trade-deal-trump.html,US,Left,The New York Times,2025-07-22,Canada Says It Won't Accept a Trade Deal With the U.S. at 'Any Cost',"Prime Minister Mark Carney, after a meeting with Canada's political leaders, downplayed the chances of success in talks aimed at reaching a trade deal with President Trump.","Prime Minister Mark Carney, after a meeting with Canada's political leaders, downplayed the chances of success in talks aimed at reaching a trade deal with President Trump.",,Negative,,Canada/US Relations,
https://www.nytimes.com/2025/04/26/world/canada/mark-carney-canada-election-trump.html,US,Left,The New York Times,2025-04-26,Canada's Anti-Trump Finds His Moment,"Mark Carney, the new prime minister seeking a full term in Monday's election, has built his campaign around President Trump's threats to the country.","Mark Carney, the new prime minister seeking a full term in Monday's election, has built his campaign around President Trump's threats to the country.",,Neutral,,2025 Elections/Campaigning/Federal Parties,
https://www.nytimes.com/2025/09/20/world/canada/canada-mexico-trains-ports.html,US,Left,The New York Times,2025-09-20,Canada and Mexico Turn to Trains and Ports to Skirt U.S. Tariff Wall,Prime Minister Mark Carney touched down in Mexico City to regain Mexico's trust and strategize with President Claudia Sheinbaum.,Prime Minister Mark Carney touched down in Mexico City to regain Mexico's trust and strategize with President Claudia Sheinbaum.,,Neutral,,International Relations & Diplomacy,
https://www.nytimes.com/2025/07/30/world/canada/canada-palestinian-state-recognition.html,US,Left,The New York Times,2025-07-30,Canada to Recognize Palestinian State at the U.N. General Assembly,"Canada joins France and Britain in taking similar steps, after months of increasing criticism of Israel by Prime Minister Mark Carney.","Canada joins France and Britain in taking similar steps, after months of increasing criticism of Israel by Prime Minister Mark Carney.",,Neutral,,International Relations & Diplomacy,
https://www.nytimes.com/2025/11/01/world/canada/carney-trump-apology-tariffs-reagan-ad.html,US,Left,The New York Times,2025-11-01,Carney Says He Apologized to Trump Over Ad Reviving Reagan's Tariff Criticism,The Canadian prime minister also said that he had asked the province of Ontario not to air the ad that later prompted the president to end trade talks.,The Canadian prime minister also said that he had asked the province of Ontario not to air the ad that later prompted the president to end trade talks.,,Neutral,,Canada/US Relations,
https://www.nytimes.com/2025/10/25/world/canada/canada-trade-mark-carney-asia.html,US,Left,The New York Times,2025-10-25,"Facing Lost Trade With the U.S., Carney Heads to Asia",The prime minister will attend two meetings and visit three countries as part of his plan to wean Canada off its dependence on the U.S.,The prime minister will attend two meetings and visit three countries as part of his plan to wean Canada off its dependence on the U.S.,,Neutral,,Canada/US Relations,
https://www.nytimes.com/2025/03/09/world/canada/mark-carney-liberal-election.html,US,Left,The New York Times,2025-03-09,"Banker Mark Carney Wins Race to Lead Liberal Party, and Canada",The prominent central banker and investor was chosen in a crucial leadership race amid threats from President Trump. He is expected to quickly call a federal election.,The prominent central banker and investor was chosen in a crucial leadership race amid threats from President Trump. He is expected to quickly call a federal election.,,Neutral,,2025 Elections/Campaigning/Federal Parties,
https://www.nytimes.com/2025/04/29/world/canada/canada-election-results-carney-trump-takeaways.html,US,Left,The New York Times,2025-04-29,Mark Carney's Liberals Win Canada's Election. Here Are 4 Takeaways.,The former central banker successfully convinced voters that he was the right candidate to confront President Trump's trade war and threats to annex the country.,The former central banker successfully convinced voters that he was the right candidate to confront President Trump's trade war and threats to annex the country.,,Positive,,2025 Elections/Campaigning/Federal Parties,
https://www.nytimes.com/2025/03/10/world/canada/mark-carney-trump.html,US,Left,The New York Times,2025-03-10,New Canadian Leader's Balancing Act: Negotiate With and Fight Trump,"Mark Carney will most likely be in power just a few weeks before a federal election is held. To win, he will try to convince Canadians he can take on, but also negotiate with, Trump.","Mark Carney will most likely be in power just a few weeks before a federal election is held. To win, he will try to convince Canadians he can take on, but also negotiate with, Trump.",,Neutral,,2025 Elections/Campaigning/Federal Parties,
https://www.nytimes.com/2025/10/27/us/politics/carney-xi-meeting-china-canada.html,US,Left,The New York Times,2025-10-27,Carney Says He Will Meet With Xi in South Korea,"The meeting between Prime Minister Mark Carney of Canada and Xi Jinping, China's top leader, scheduled for later this week, appeared to signal a pivot to Asia after decades of poor relations between his country and Beijing.","The meeting between Prime Minister Mark Carney of Canada and Xi Jinping, China's top leader, scheduled for later this week, appeared to signal a pivot to Asia after decades of poor relations between his country and Beijing.",,Neutral,,International Relations & Diplomacy,
https://www.nytimes.com/2025/11/04/world/canada/what-to-know-canada-budget.html,US,Left,The New York Times,2025-11-04,What to Know About Canada's New Budget,The government of Prime Minister Mark Carney unveiled a program of big spending to spur Canada's economy and reduce its dependence on the United States.,The government of Prime Minister Mark Carney unveiled a program of big spending to spur Canada's economy and reduce its dependence on the United States.,,Neutral,,Canadian Domestic Governance/Economy/Industry,
https://www.nytimes.com/2025/04/29/world/canada/carney-liberals-canada-election-results.html,US,Left,The New York Times,2025-04-29,Canada's Liberals Narrowly Miss Out on Majority in Parliament,Final results from Monday's crucial election showed Mark Carney's party had secured 169 of 343 seats and would need help from other parties to pass laws.,Final results from Monday's crucial election showed Mark Carney's party had secured 169 of 343 seats and would need help from other parties to pass laws.,,Neutral,,2025 Elections/Campaigning/Federal Parties,
https://www.nytimes.com/2025/03/07/world/canada/mark-carney-trudeau-liberal-party-canada.html,US,Left,The New York Times,2025-03-07,Will Canadians Warm Up to the Steely Banker Eyeing Trudeau's Job?,"Mark Carney has pitched himself as the fix-it man who can set Canada back on track. As he seeks to lead the Liberal Party, the country's biggest challenge may be President Trump.","Mark Carney has pitched himself as the fix-it man who can set Canada back on track. As he seeks to lead the Liberal Party, the country's biggest challenge may be President Trump.",,Neutral,,2025 Elections/Campaigning/Federal Parties,
https://www.nytimes.com/2025/07/11/world/canada/canada-trump-tariffs-trade-talks.html,US,Left,The New York Times,2025-07-11,Good Vibes in Trump Trade Talks Haven't Shielded Canada From Chaos,"The country's new prime minister, Mark Carney, has been called the 'Trump whisperer,' and negotiations have been cordial and professional. But it's been a wild ride.","The country's new prime minister, Mark Carney, has been called the 'Trump whisperer,' and negotiations have been cordial and professional. But it's been a wild ride.",,Neutral,,Canada/US Relations,
https://www.nytimes.com/2025/10/28/world/canada/carney-asia-trade-trump.html,US,Left,The New York Times,2025-10-28,"Scolded by Trump, Canada's Prime Minister Turns to Asia for Trade",Mark Carney is pitching Canada as a predictable and responsible alternative to the United States.,Mark Carney is pitching Canada as a predictable and responsible alternative to the United States.,,Neutral,,International Relations & Diplomacy,
https://www.nytimes.com/2025/09/11/world/canada/carney-trump-infrastructure-tariffs-natural-gas.html,US,Left,The New York Times,2025-09-11,Canada Announces Major Projects to Offset Bite of Trump's Tariffs,Prime Minister Mark Carney unveiled big infrastructure plans. But they are likely to meet resistance from Indigenous and environmental groups.,Prime Minister Mark Carney unveiled big infrastructure plans. But they are likely to meet resistance from Indigenous and environmental groups.,,Neutral,,Canadian Domestic Governance/Economy/Industry,
https://www.nytimes.com/2025/01/16/world/canada/mark-carney-liberal-party-leader-campaign.html,US,Left,The New York Times,2025-01-16,"Banker, Investor, Prime Minister? Mark Carney Bids to Lead Canada.",The former governor of the Canadian and British central banks announced he was running to become head of the Liberal Party and prime minister.,The former governor of the Canadian and British central banks announced he was running to become head of the Liberal Party and prime minister.,,Neutral,,2025 Elections/Campaigning/Federal Parties,
https://www.nytimes.com/2025/08/05/world/canada/canada-carney-tariffs-response.html,US,Left,The New York Times,2025-08-05,"With Canada No Longer Able to Rely on U.S., Carney Pushes New Markets","Prime Minister Mark Carney suggested he's unlikely to add additional retaliatory tariffs on U.S. goods, but he is trying to help affected companies develop new products and find new buyers.","Prime Minister Mark Carney suggested he's unlikely to add additional retaliatory tariffs on U.S. goods, but he is trying to help affected companies develop new products and find new buyers.",,Neutral,,Canada/US Relations,
https://www.nytimes.com/2025/10/07/world/canada/carney-trump-white-house-meeting.html,US,Left,The New York Times,2025-10-07,Trump Predicts That 'Canada Will Love Us Again' in Meeting With Carney,"President Trump on Tuesday hosted Prime Minister Mark Carney of Canada, who has been seeking relief from U.S. tariffs.","President Trump on Tuesday hosted Prime Minister Mark Carney of Canada, who has been seeking relief from U.S. tariffs.",,Neutral,,Canada/US Relations,
https://www.nytimes.com/2025/03/14/world/canada/canada-prime-minister-mark-carney-trump.html,US,Left,The New York Times,2025-03-14,Canada Has a New Prime Minister With a Very Hard First Assignment,"Mark Carney, a central banker turned politician, steps into his role at a crucial moment as President Trump sets his sights on Canada's sovereignty and keeps threatening more tariffs.","Mark Carney, a central banker turned politician, steps into his role at a crucial moment as President Trump sets his sights on Canada's sovereignty and keeps threatening more tariffs.",,Neutral,,Canada/US Relations,
https://www.nytimes.com/2025/03/23/world/canada/canada-election-carney-trump.html,US,Left,The New York Times,2025-03-23,Canada's Leader Calls Snap Federal Elections Amid Trump Threats,"Mark Carney, who has only been prime minister for 10 days, has called for a general election to be held on April 28.","Mark Carney, who has only been prime minister for 10 days, has called for a general election to be held on April 28.",,Neutral,,2025 Elections/Campaigning/Federal Parties,
https://www.nytimes.com/2025/03/10/world/canada/canada-election-takeaways.html,US,Left,The New York Times,2025-03-10,Canada Will Have a New Prime Minister. Here's What to Know.,"Mark Carney, a former central banker, now heads the Liberal Party and will soon lead Canada, tasked with responding to President Trump's threats.","Mark Carney, a former central banker, now heads the Liberal Party and will soon lead Canada, tasked with responding to President Trump's threats.",,Neutral,,2025 Elections/Campaigning/Federal Parties,
https://www.nytimes.com/2025/04/26/world/canada/election-polls-carney-poilievre.html,US,Left,The New York Times,2025-04-26,Polls Tighten in Homestretch of Canada's Election,"Prime Minister Mark Carney's Liberal Party still appears poised to win, pollsters say, even as its lead over the Conservative Party has shrunk.","Prime Minister Mark Carney's Liberal Party still appears poised to win, pollsters say, even as its lead over the Conservative Party has shrunk.",,Positive,,2025 Elections/Campaigning/Federal Parties,
https://www.nytimes.com/2025/06/30/world/canada/canada-internal-trade-barriers.html,US,Left,The New York Times,2025-06-30,Can Canada Offset Trump's Tariff War With More Domestic Trade?,Prime Minister Mark Carney will meet his pledge to eliminate the country's internal trade barriers by July 1. But economists say it's not a substitute for lost U.S. trade.,Prime Minister Mark Carney will meet his pledge to eliminate the country's internal trade barriers by July 1. But economists say it's not a substitute for lost U.S. trade.,,Neutral,,International Relations & Diplomacy,
https://www.nytimes.com/2025/08/24/world/europe/zelensky-ukraine-independence-day.html,US,Left,The New York Times,2025-08-24,Zelensky Marks Independence Day With Diplomacy in Kyiv and a Plea for Peace,"The Ukrainian leader held talks with Prime Minister Mark Carney of Canada and was set to meet with President Trump's envoy, Keith Kellogg, amid continuing diplomatic efforts to end the war.","The Ukrainian leader held talks with Prime Minister Mark Carney of Canada and was set to meet with President Trump's envoy, Keith Kellogg, amid continuing diplomatic efforts to end the war.",,Neutral,,International Relations & Diplomacy,
https://www.nytimes.com/2025/10/07/us/politics/carney-trump-canada-trade-relationship.html,US,Left,The New York Times,2025-10-07,"Carney and Trump: A Collision Avoided, Save for a Nasty Comment or Two","The Canadian prime minister came to Washington determined to take the heat out of the relationship. He mostly succeeded, at least for now.","The Canadian prime minister came to Washington determined to take the heat out of the relationship. He mostly succeeded, at least for now.",,Positive,,Canada/US Relations,
https://www.nytimes.com/2025/05/06/world/canada/trump-carney-white-house-meeting-us-canada.html,US,Left,The New York Times,2025-05-06,Carney Tells Trump Canada 'Is Not for Sale' During White House Visit,The Canadian prime minister met with President Trump days after being elected on an anti-Trump platform as relations between the two allies are at a historic nadir.,The Canadian prime minister met with President Trump days after being elected on an anti-Trump platform as relations between the two allies are at a historic nadir.,,Negative,,Canada/US Relations,
https://www.nytimes.com/2025/06/16/world/canada/canada-g7-trump-carney.html,US,Left,The New York Times,2025-06-17,Flattery or Discipline? The Difficult Task of Managing Trump.,Canada's prime minister Mark Carney deployed both methods on the first day of the Group of 7 summit in Alberta to keep Mr. Trump focused and avoid drama.,Canada's prime minister Mark Carney deployed both methods on the first day of the Group of 7 summit in Alberta to keep Mr. Trump focused and avoid drama.,,Neutral,,Canada/US Relations,
https://www.nytimes.com/2025/04/29/opinion/canadian-election-trump-statehood-mark-carney.html,US,Left,The New York Times,2025-04-29,Canada Rejects Statehood,The anger in Canada is evident in many other ways; Canadians have always felt close to but distinct from Americans. A hostile America was something they never imagined.,The anger in Canada is evident in many other ways; Canadians have always felt close to but distinct from Americans. A hostile America was something they never imagined.,,Neutral,,Canada/US Relations,
https://www.nytimes.com/2025/03/28/us/politics/trump-canada-carney.html,US,Left,The New York Times,2025-03-28,Trump Tones Down His Rhetoric About Canada After Call With Its Leader,"The president and Canada's new prime minister, Mark Carney, spoke for the first time on Friday and promised to begin negotiations on trade.","The president and Canada's new prime minister, Mark Carney, spoke for the first time on Friday and promised to begin negotiations on trade.",,Neutral,,Canada/US Relations,
https://www.nytimes.com/2025/05/03/world/canada/carney-new-government.html,US,Left,The New York Times,2025-05-03,"After Leading a Liberal Comeback, Carney Hits the Ground Running",The prime minister will begin broad economic and security talks with President Trump next week and has set a timetable for his new government.,The prime minister will begin broad economic and security talks with President Trump next week and has set a timetable for his new government.,,Neutral,,Canada/US Relations,
https://www.nytimes.com/2025/10/31/world/canada/carney-xi-meeting-canada-china.html,US,Left,The New York Times,2025-10-31,Canada's Other Superpower Problem,The leaders of Canada and China met for the first time in eight years to try to reset relations after years of acrimony.,The leaders of Canada and China met for the first time in eight years to try to reset relations after years of acrimony.,,Positive,,International Relations & Diplomacy,
https://www.nytimes.com/2025/04/26/climate/canada-election-climate-change.html,US,Left,The New York Times,2025-04-26,"Climate Change, Once a Big Issue, Fades From Canada's Election","Even though Liberal candidate Mark Carney has a lengthy climate policy r√©sum√©, Trump's threats have nearly drowned the issue out of the campaign.","Even though Liberal candidate Mark Carney has a lengthy climate policy r√©sum√©, Trump's threats have nearly drowned the issue out of the campaign.",,Neutral,,2025 Elections/Campaigning/Federal Parties,
https://apnews.com/article/keystone-xl-carney-trump-canada-8d1fd446ba960ea8e58cd2cd50f45894,US,Left,apnews.com,2025-10-09,Canada's prime minister discussed reviving contentious Keystone XL pipeline with Trump,TORONTO (AP) ‚Äî Canadian Prime Minister Mark Carney raised the prospect of reviving the contentious Keystone XL pipeline project with U.S. President Donald Tru...,A Canadian government official familiar with the matter says Prime Minister Mark Carney raised the prospect of reviving the contentious Keystone XL pipeline pro...,"Donald Trump, Mark Carney, Joe Biden, Barack Obama, Nebraska, Canada, General news, NE State Wire, World news, International trade, South Bow Corp., Metals and mining, Canada government, Politics, Climate and environment, Climate",Neutral,,Canada/US Relations,
https://apnews.com/article/canada-trump-carney-white-house-59b735b719247c7063777c1edcb10328,US,Left,apnews.com,2025-10-07,Canadian PM Carney visits Trump as relations between the longtime allies sit at a low point,WASHINGTON (AP) ‚Äî Canadian Prime Minister Mark Carney will meet with President Donald Trump in the Oval Office on Tuesday at a time when one of the world's ...,Canadian Prime Minister Mark Carney will meet with President Donald Trump in the Oval Office at a time when one of the world's most durable and amicable allia...,"Frank McKenna, International trade, Donald Trump, Canada, Mark Carney, Canada government, International agreements, General news, Tariffs and global trade, AP Top News, Business, Government and politics, World news, Washington news, Daniel Bland, U.S. news, Politics, World News, U.S. News",Neutral,,Canada/US Relations,
https://apnews.com/article/canada-us-trade-tariffs-trump-3bcf97fc94c5b24324d255edc2f00d32,US,Left,apnews.com,2025-08-22,"Canada will match US tariff exemptions under USMCA trade pact, Prime Minister Carney says","TORONTO (AP) ‚Äî Canada is dropping retaliatory tariffs to match U.S. tariff exemptions for goods covered under the United States-Mexico-Canada trade pact, Prim...",Canada is dropping retaliatory tariffs to match U.S. tariff exemptions for goods covered under the United States-Mexico-Canada trade pact.,"Mark Carney, Canada, Donald Trump, International trade, Howard Lutnick, Justin Trudeau, Mexico, Canada government, General news, Latin America, Tariffs and global trade, AP Top News, Central America, Business, World news, Politics, Lana Payne",Neutral,,Canada/US Relations,
https://apnews.com/article/mark-carney-canada-prime-minister-election-trump-5e97cf77654f6a843f9c434b97afe2b4,US,Left,apnews.com,2025-04-21,Trump's tough talk might help Liberal Mark Carney win a full term as Canada's prime minister,"TORONTO (AP) ‚Äî Mark Carney's political career is only months old, and it's already been a roller-coaster ride. The former central banker appeared destined...",The former central banker appeared destined to become one of Canada's shortest-serving prime ministers until Donald Trump picked a fight with the U.S.'s nor...,"Donald Trump, Justin Trudeau, Canada, Henry M. Paulson Jr., Pierre Poilievre, United States government, John Kenneth Galbraith, Karoline Leavitt, Canada government, Conservatism, General news, Global elections, United States, Liberalism, Politics, World news, Mark Carney, Daniel Bland, Stephen Harper, Elections",Neutral,,2025 Elections/Campaigning/Federal Parties,
https://apnews.com/article/canada-election-debate-carney-trump-e030824b113d1d6776f0ec6ac1128f2d,US,Left,apnews.com,2025-04-17,"Carney says Trump key issue in Canada's election, while Conservative rival says country needs change",TORONTO (AP) ‚Äî Prime Minister Mark Carney said Wednesday the key question in Canada's election is who is best to deal with U.S. President Donald Trump while...,Prime Minister Mark Carney says who will go up against U.S. President Donald Trump is the key question in Canada's election while his Conservative rival argue...,"Justin Trudeau, Canada, Donald Trump, Gilles Duceppe, United States government, Conservatism, Liberalism, General news, Global elections, United States, Politics, Elections, World news, Yves Franois Blanche, Nationalism, Daniel Bland, Voting, Mark Carney",Neutral,,Canada/US Relations,
https://apnews.com/article/canada-election-prime-minister-carney-gander-911-attacks-7b755af05c6e87fce52bfacd59dcd75f,US,Left,apnews.com,2025-03-24,Canada's leader laments lost friendship with US in town that sheltered stranded Americans after 9/11,TORONTO (AP) ‚Äî Canadian Prime Minister Mark Carney lamented Canada's lost friendship with the United States as he visited the town that sheltered thousands ...,Canadian Prime Minister Mark Carney has lamented Canada's lost friendship with the United States as he visited the town that sheltered thousands of stranded A...,"Donald Trump, Canada, United States government, September 11 attacks, Pierre Poilievre, Canada government, Wildfires, U.S. government shutdown, General news, Global elections, United States, AP Top News, Politics, World news, Mark Carney, Hannah ORourke, Washington news, International trade, Washington News",Negative,,Canada/US Relations,
https://apnews.com/article/canada-election-prime-minister-mark-carney-trump-dd083f4f1cf9622742703eee5be6721a,US,Left,apnews.com,2025-03-23,Canadian Prime Minister Mark Carney and opponent kick off their election campaigns,TORONTO (AP) ‚Äî New Canadian Prime Minister Mark Carney and his Conservative opponent kicked off their election campaigns Sunday against the backdrop of a trad...,New Canadian Prime Minister Mark Carney and his Conservative opponent have kicked off their election campaigns against the backdrop of a trade war and annexatio...,"Pierre Poilievre, Canada, Justin Trudeau, Donald Trump, Canada government, Danielle Smith, United States government, Conservatism, General news, Global elections, United States, AP Top News, 2020 United States presidential election, Nationalism, Politics, Elections, Mark Carney, Liberalism, Voting, World news",Neutral,,2025 Elections/Campaigning/Federal Parties,
https://apnews.com/article/canada-carney-prime-minister-paris-trump-macron-40c51bf5b040cfab29032fa974cde581,US,Left,apnews.com,2025-03-17,Canada's Carney meets with European allies as tensions with the Trump administration persist,"PARIS (AP) ‚Äî New Canadian Prime Minister Mark Carney met with French President Emmanuel Macron on Monday, seeking support from one of Canada's oldest allies...",New Canadian Prime Minister Mark Carney has met with French President Emmanuel Macron as he seeks support from one of Canada's oldest allies for a growing rif...,"Canada government, Canada, Emmanuel Macron, Donald Trump, United Kingdom, United States government, King Charles III, Keir Starmer, Vladimir Putin, United Kingdom government, General news, International News, Latin America, United States, Eurocopa 2024, Mark Carney, Elections, Politics, Volodymyr Zelenskyy, Daniel Bland, Royalty, World news, World News",Neutral,,International Relations & Diplomacy,
https://apnews.com/article/canada-carney-new-prime-minister-trump-tariffs-46b29cfb1d40a8ade38f003774934792,US,Left,apnews.com,2025-03-14,Mark Carney is sworn in as Canada's new prime minister as country deals with Trump's trade war,"TORONTO (AP) ‚Äî Former central banker Mark Carney was sworn in as Canada's new prime minister on Friday, and will now try to steer his country through a trad...","Former central banker Mark Carney has been sworn in as Canada's new prime minister. Carney, 59, on Friday replaced Prime Minister Justin Trudeau, who announce...","Justin Trudeau, Canada, Donald Trump, Pierre Poilievre, Canada government, Keir Starmer, Jean Chretien, Dominic LeBlanc, United States government, International trade, General news, United States, Global trade, Chrystia Freeland, Mark Carney, Emmanuel Macron, World news, Politics, Franois Philippe Champagne, Business, Elections, The Goldman Sachs Group, Inc., 2020 United States presidential election, Mlanie Joly, World News",Neutral,,2025 Elections/Campaigning/Federal Parties,
https://apnews.com/article/canada-liberals-prime-minister-carney-trudeau-trump-1547a81c8c3ff498438f10bddd178116,US,Left,apnews.com,2025-03-09,Ex-central banker to replace Trudeau as Canada's prime minister after winning Liberal Party vote,TORONTO (AP) ‚Äî Former central banker Mark Carney will become Canada's next prime minister after the governing Liberal Party elected him its leader Sunday as...,Former central banker Mark Carney will become Canada's next prime minister after the governing Liberal Party elected him its leader as the country deals with ...,"Justin Trudeau, Donald Trump, Canada, Chrystia Freeland, United States government, Canada government, International trade, General news, Global trade, United States, Business, Washington news, World news, Mark Carney, Politics, Elections, Washington News",Neutral,,2025 Elections/Campaigning/Federal Parties,
https://globalnews.ca/news/11016777/liberal-leadership-candidate-mark-carney-kelowna/,Canada,Center,globalnews.ca,2025-02-13,"Federal Liberal leadership hopeful Mark Carney drew hundreds in Kelowna, B.C., on Wednesday, promising economic improvement...","Liberal leadership candidate Mark Carney addresses Trump, Canada's economy in Kelowna",Carney addressed President Donald Trump's plan to make Canada the 51st state as well as his ongoing tariff threats.,"Mark Carney, Donald Trump, Kelowna, Liberal, Canada",Neutral,,Canada/US Relations,
https://globalnews.ca/news/11050623/mark-carney-parliament-conflict-of-interest-rules/,Canada,Center,globalnews.ca,2025-02-26,"In a series of press conferences in recent weeks, the federal Conservatives have demanded that Liberal leadership candidate...",Tories demand Mark Carney comply with conflict of interest rules - National,The federal Conservatives have demanded that Liberal leadership candidate Mark Carney comply with the conflict of interest rules that apply to MPs and cabinet m...,"Conflict of Interest, Mark Carney, Parliament, Canada, Politics",Negative,,Canadian Domestic Governance/Economy/Industry,
https://globalnews.ca/news/10824065/mark-carney-electoral-run/,Canada,Center,globalnews.ca,2024-10-22,"Mark Carney said he is thinking about running for elected office in Canada, but remained guarded about when or where, in a ...",Mark Carney says he's 'taking steps' for possible electoral run - National,Mark Carney signalled he's considering a future electoral run while also taking shots at Conservative Leader Pierre Poilievre in a recent interview.,"Mark Carney, Liberal Party, Pierre Poilievre, Canada, Economy, Politics",Neutral,,2025 Elections/Campaigning/Federal Parties,
https://globalnews.ca/news/11153486/canada-election-mark-carney-riding-result-nepean/,Canada,Center,globalnews.ca,2025-04-29,"Liberal Leader Mark Carney is projected by Global News to win his Ottawa riding of Nepean in Monday's federal election, g...","Mark Carney wins Nepean riding, entering Parliament for 1st time","Liberal Leader Mark Carney is projected to win his Ottawa riding of Nepean in Monday's federal election, gaining a seat in Parliament for the first time.","canada election, Mark Carney, Nepean, Canada, Politics",Positive,,2025 Elections/Campaigning/Federal Parties,
https://globalnews.ca/news/11154899/doug-ford-congratulates-mark-carney-liberal-canada-election/,Canada,Center,globalnews.ca,2025-04-29,Ontario Premier Doug Ford has congratulated Liberal Leader Mark Carney on his projected election triumph. 'I want to con...,Ontario Premier Doug Ford congratulates Mark Carney on projected Liberal win,"Ontario Premier Doug Ford is congratulating Mark Carney on his projected victory for the Liberals, and thanked both Pierre Pollievre and Jagmeet Singh for runni...","canada election, Doug Ford, Mark Carney, Politics",Positive,,2025 Elections/Campaigning/Federal Parties,
https://globalnews.ca/news/11094267/canada-election-2025-begins/,Canada,Center,globalnews.ca,2025-03-23,"Prime Minister Mark Carney has triggered a federal election, with voters set to head to the polls on April 28. Carney aske...",Mark Carney triggers federal election for Canada - National,"Canada's new Prime Minister Mark Carney has triggered a federal election, with voters set to head to the polls next month.","canada election, Federal Election, Canada, Politics",Neutral,,2025 Elections/Campaigning/Federal Parties,
https://globalnews.ca/news/11074213/mark-carney-liberal-party-leadership/,Canada,Center,globalnews.ca,10/03/2025,"Liberal MPs are gathering on Parliament Hill Monday afternoon to huddle after the party selected its new leader, former Ban...",Mark Carney elected as new Liberal leader. What's next? - National,An early federal election call is widely expected to follow in the coming days or weeks after Mark Carney is installed as Canada's prime minister.,"Mark Carney, Liberal leadership race, Liberal Party, Canada, Politics",Neutral,,2025 Elections/Campaigning/Federal Parties,
https://globalnews.ca/news/11076438/mark-carney-divest-assets-blind-trust/,Canada,Center,globalnews.ca,03/11/2025,Mark Carney's leadership campaign says he has given a 'full and robust conflict of interest management plan' to the c...,"Mark Carney has put assets in blind trust, leadership campaign says - National","The campaign said as part of a ""full and robust conflict of interest management plan,"" Carney has divested all of his assets other than personal real estate int...","Assets, Mark Carney, Prime Minister, Canada, Politics",Neutral,,2025 Elections/Campaigning/Federal Parties,
https://globalnews.ca/news/11207641/mark-carney-chief-of-staff-former-un-ambasador/,Canada,Center,globalnews.ca,06/01/2025,"Prime Minister Mark Carney has named Marc-Andr√© Blanchard, Canada's former ambassador to the United Nations, as his perm...",Mark Carney names former UN envoy as chief of staff - National,Prime Minister Mark Carney has named Canada's former ambassador to the United Nations Marc-Andre Blanchard as chief of staff. Blanchard will take over from Marc...,"Chief Of Staff, Mark Carney, Canada, Politics",Neutral,,Canadian Domestic Governance/Economy/Industry,
https://globalnews.ca/news/11080497/conservative-digital-campaign-carney/,Canada,Center,globalnews.ca,2025-03-13,Pierre Poilievre's Conservative party and a conservative-linked pressure group are ratcheting up digital advertising targ...,"Conservative party, activist group ratchet up digital ads against Mark Carney - National","Like Liberal leaders before him, the Conservatives are attempting to define Liberal Leader Mark Carney to voters before he has a chance to.","Mark Carney, Pierre Poilievre, politics, Canada, Politics",Negative,,2025 Elections/Campaigning/Federal Parties,
https://globalnews.ca/news/10740296/mark-carney-advisor-justin-trudeau/,Canada,Center,globalnews.ca,09/09/2024,Former Bank of Canada governor Mark Carney is set to formalize his relationship with the Liberal Party as a special advisor...,Mark Carney set to take on role as Trudeau special advisor: source - National,"Mark Carney is set to arrive in Nanaimo, B.C., on Monday and will speak to Liberal MPs at their summer caucus retreat on the topic of growth and the economy.","Mark Carney, Justin Trudeau, Canada, Politics",Neutral,,Canadian Domestic Governance/Economy/Industry,not related to his election
https://globalnews.ca/news/11415563/danielle-smith-mark-carney-common-ground/,Canada,Center,globalnews.ca,09/11/2025,Alberta Premier Danielle Smith says her latest meeting with Prime Minister Mark Carney has inspired optimism and he is demo...,Danielle Smith says she's found unprecedented common ground with Mark Carney,"I found more common ground with the prime minister when I met with him yesterday than I have in any meeting with a prime minister,' Danielle Smith said of Mark...","Alberta Legislature, Alberta Next Panel, Alberta sovereignty act, Alberta sovereignty within a united Canada act, Danielle Smith, Mark Carney, Politics",Positive,,Canadian Domestic Governance/Economy/Industry,
https://globalnews.ca/news/11342378/valerie-plante-mark-carney-montreal/,Canada,Center,globalnews.ca,2025-08-20,Share this item on Twitter Share this item via WhatsApp Share this item on Facebook Montreal M...,Val√©rie Plante says she and Prime Minister Mark Carney share the same priorities,Plante and Carney met at¬†Montreal¬†City Hall for the first time since Carney was elected in April.,"Canada, Politics",Neutral,,Canadian Domestic Governance/Economy/Industry,
https://globalnews.ca/news/11079105/mark-carney-prime-minister-swearing-in-planning/,Canada,Center,globalnews.ca,03/12/2025,"Liberal Leader Mark Carney is expected to be sworn in as Canada's new prime minister on Friday, Global News has learned. ...",Mark Carney expected to be sworn in as prime minister Friday: source - National,"Carney will replace Justin Trudeau after winning a race for the Liberal leadership on Sunday, and will take the reins of government amid a growing trade war wit...","Mark Carney, Liberal Party, Canada, Politics",Neutral,,2025 Elections/Campaigning/Federal Parties,
https://globalnews.ca/news/11526460/montreal-area-light-rail-network/,Canada,Center,globalnews.ca,2025-11-14,Prime Minister Mark Carney is among the dignitaries attending the launch of the northwest expansion of a light rail project...,Mark Carney attends launch of new branch of Montreal-area light rail network,Prime Minister Mark Carney is among the dignitaries attending the launch of the northwest expansion of a light rail project in the¬†Montreal¬†area.,"Montreal transit, Light Rail Transit, Canada",Neutral,,Culture/Social life/Events/Sports,
https://globalnews.ca/news/11081720/mark-carney-prime-minister-swearing-in/,Canada,Center,globalnews.ca,2025-03-14,"Canada will have a new prime minister on Friday as Liberal Leader Mark Carney is set to be sworn in. Carney, a former Bank...",Mark Carney and his cabinet are set to be sworn in - National,Mark Carney will officially take over from Justin Trudeau as Canada's 24th prime minister at a swearing-in ceremony at 11 a.m. eastern at Rideau Hall in Ottaw...,"Mark Carney, Liberal Party, Canada, Politics",Neutral,,Canadian Domestic Governance/Economy/Industry,
https://globalnews.ca/news/11528774/mark-carney-grey-cup-coin-toss/,Canada,Center,globalnews.ca,2025-11-17,Prime Minister Mark Carney was on hand in Winnipeg for the 112th Grey Cup game between the Saskatchewan Roughriders and Mon...,Prime Minister Mark Carney faces mixed reaction during Grey Cup coin toss,"Prime Minister Mark Carney kicked off the 112th Grey Cup in Winnipeg with the coin toss, drawing mixed reactions from fans amid pre-game performances and tailga...","Grey Cup, Montreal Alouettes, Prime Minister Mark Carney, Saskatchewan Roughriders, Sports",Neutral,,Culture/Social life/Events/Sports,
https://globalnews.ca/news/10957494/mark-carney-daily-show/,Canada,Center,globalnews.ca,2025-01-14,"Mark Carney sat down with Jon Stewart on The Daily Show Monday night, where he talked about a range of issues including the...",Did Mark Carney just tease a Liberal leadership run on 'The Daily Show'? - National,"In a situation like this, you need change. You need to address the economy,' Mark Carney told 'Daily Show' host Jon Stewart in an appearance.","Mark Carney, Justin Trudeau, Liberal Leadership, The Daily Show, Canada, Politics",Neutral,,2025 Elections/Campaigning/Federal Parties,
https://globalnews.ca/news/10741993/mark-carney-economic-vision-liberal-caucus/,Canada,Center,globalnews.ca,09/10/2024,Former Bank of Canada governor Mark Carney will present his vision for the Liberals' economic policy when he meets with M...,Mark Carney set to present economic vision to Liberal caucus - National,The party announced Mark Carney's new role as chair of a Liberal task force on economic growth as MPs arrived for the caucus retreat Monday.,"Mark Carney, Canada economy, Justin Trudeau, liberal caucus, Canada, Economy, Politics",Neutral,,Canadian Domestic Governance/Economy/Industry,
https://globalnews.ca/news/11126836/donald-trump-tariffs-canada-april-11/,Canada,Center,globalnews.ca,04/11/2025,Prime Minister Mark Carney is shifting his focus from the federal election campaign once again to address the impact of an ...,Mark Carney back in Ottawa to address Donald Trump's trade war - National,Prime Minister Mark Carney is shifting his focus from the federal election campaign Friday to address the escalating global trade war launched by President Dona...,"donald trump tariffs, canada election, Canada, Politics, U.S. News",Neutral,,Canada/US Relations,
https://globalnews.ca/news/10962362/can-mark-carney-be-prime-minister/,Canada,Center,globalnews.ca,2025-01-16,"Mark Carney, former governor of both the Bank of Canada and the Bank of England, is jumping into the race to replace Justin...",Mark Carney wants to be Liberal leader. Can he be PM without being an MP? - National,"Under Canada's Westminster parliamentary system, Canadians do not actually vote for prime ministers the way Americans vote for presidents.","Mark Carney, Liberal Leadership, Canada, Politics",Neutral,,Biography/Opinion/Criticism/Personal Details,
https://globalnews.ca/news/11185883/mark-carney-meets-pope-leo-xiv-after-inaugural-mass-at-the-vatican/,Canada,Center,globalnews.ca,2025-05-18,Prime Minister Mark Carney had a brief audience with Pope Leo XIV Sunday afternoon at the Vatican following the pontiff's...,Mark Carney meets Pope Leo XIV after inaugural mass at the Vatican - National,"After the mass, Prime Minister Mark Carney briefly met the Pope inside St. Peter's Basilica, alongside his wife and their daughter Cleo.","Mark Carney, Pope Leo XIV, Canada, Politics, World",Neutral,,International Relations & Diplomacy,
https://globalnews.ca/news/11169135/energy-ceo-letter-mark-carney/,Canada,Center,globalnews.ca,05/07/2025,Canada's energy CEOs are calling on Prime Minister Mark Carney to scrap the emissions cap on oil and gas producers and re...,CEOs call on Mark Carney to 'take action' to support domestic energy sector,Thirty-eight CEOs of Canadian energy companies signed a letter congratulating Mark Carney on his election win and pitching policy measures.,"Energy, Business, Mark Carney, Oil and Gas, Politics",Positive,,Canadian Domestic Governance/Economy/Industry,edge case? energy and election related
https://globalnews.ca/news/11433901/david-eby-ottawa-lobby-mark-carney-investment-bc-projects/,Canada,Center,globalnews.ca,2025-09-18,British Columbia Premier David Eby is in Ottawa to push the federal government for more investment in major infrastructure ...,David Eby in Ottawa to lobby Mark Carney for more investment in B.C. projects,David Eby is in Ottawa to push the federal government for more investment in major infrastructure projects in the province and had dinner with the prime ministe...,"David Eby, Mark Carney, Politics",Neutral,,Canadian Domestic Governance/Economy/Industry,
https://globalnews.ca/news/11163394/its-not-just-trump-7-foreign-policy-issues-mark-carney-faces/,Canada,Center,globalnews.ca,05/04/2025,Prime Minister Mark Carney has many foreign policy issues on his plate ‚Äî and they're not all about U.S. President Donal...,It's not just Trump: 7 foreign policy issues Mark Carney faces - National,Prime Minister¬†Mark¬†Carney¬†has many¬†foreign¬†policy¬†issues on his plate ‚Äî and they're not all¬†about¬†United Statess President¬†Donald¬†Trump.,"Mark Carney, Canada, Politics",Neutral,,International Relations & Diplomacy,
https://globalnews.ca/news/11075101/how-does-saskatchewan-feel-mark-carney-new-liberal-leader/,Canada,Center,globalnews.ca,03/10/2025,"Mark Carney will soon be sworn in as the new Liberal leader, with many in Saskatchewan unaware who he is and that he will s...",How does Saskatchewan feel about Mark Carney as the new Liberal leader?,"Mark Carney will soon be sworn in as the new Liberal leader, with many in Saskatchewan unaware who he is and that he will soon be the Prime Minister of Canada.","Mark Carney, Liberal Leadership, Saskatchewan Chamber of Commerce, Saskatchewan News, Canada, Politics",Neutral,,Biography/Opinion/Criticism/Personal Details,
https://globalnews.ca/news/10990235/liberal-leadership-race-jaime-battiste-drops-out/,Canada,Center,globalnews.ca,2025-01-30,Nova Scotia Liberal MP Jaime Battiste says he is dropping out of the Liberal party leadership race and backing former centr...,"Jaime Battiste drops out of Liberal leadership race, backs Mark Carney","Battiste, a Liberal MP from Nova Scotia, was the only Indigenous candidate in the running and sought to put First Nations issues on the agenda during the contes...","Liberal leadership race, Jaime Battiste, Liberal Leadership, Liberals, Canada, Politics",Positive,,2025 Elections/Campaigning/Federal Parties,
https://globalnews.ca/news/11123023/canada-election-campaign-april-9/,Canada,Center,globalnews.ca,04/09/2025,The Liberal and NDP leaders will take their campaigns to Saskatchewan on Wednesday as the federal election race nears the h...,"Where Carney, Poilievre and Singh are as campaign nears halfway mark - National",Several candidates were shed by the Liberals and Conservatives over contentious comments ahead of Monday's nomination deadline.,"canada election, Canada, Politics",Neutral,,2025 Elections/Campaigning/Federal Parties,
https://globalnews.ca/news/11115658/liberal-candidate-dropped-edmonton/,Canada,Center,globalnews.ca,04/04/2025,"The Liberal Party has removed a candidate in Alberta, adding to a growing list of nominees exiting the federal election rac...",Mark Carney says Edmonton candidate is 'no longer' in the race,"The Liberal Party has removed Rod Loyola, who was running in the Edmonton Gateway riding, adding to a growing list of nominees exiting the federal election race...","canada election, Liberal Party, Canada, Politics",Neutral,,2025 Elections/Campaigning/Federal Parties,
https://globalnews.ca/news/11014661/carney-makes-saskatchewan-stops-liberal-leadership-campaign/,Canada,Center,globalnews.ca,02/11/2025,"The Liberal leadership race is well underway, and candidate Mark Carney stopped in Saskatchewan Tuesday hoping to steer the...",Carney makes Saskatchewan stops on Liberal leadership campaign,Western provinces like Saskatchewan have been largely Conservative voters over the last few years. It's something Carney hopes to change.,"Mark Carney, Justin Trudeau, Politics",Neutral,,2025 Elections/Campaigning/Federal Parties,
https://globalnews.ca/news/11090463/mark-carney-danielle-smith-alberta-meeting/,Canada,Center,globalnews.ca,2025-03-20,Share this item on Twitter Share this item via WhatsApp Share this item on Facebook Alberta Pr...,Mark Carney meeting with Alberta Premier Danielle Smith for 1st time since being sworn in as PM,Carney is also scheduled to make a housing announcement in Edmonton on Thursday afternoon.,"Alberta politics, Alberta Legislature, Danielle Smith, Mark Carney, Politics",Neutral,,2025 Elections/Campaigning/Federal Parties,
https://globalnews.ca/news/11453914/carney-says-international-meetings-necessary/,Canada,Center,globalnews.ca,2025-09-27,Share this item on Twitter Share this item via WhatsApp Share this item on Facebook Prime Mini...,Carney says international meetings 'necessary' - National,"Prime Minister Mark Carney says his recent international trips and meetings with world leaders are ""necessary"" to opening new markets for Canadian products.","Business, Economy, Politics",Neutral,,International Relations & Diplomacy,
https://globalnews.ca/news/11083662/carney-review-fighter-jet-purchase-trade-tensions/,Canada,Center,globalnews.ca,2025-03-15,Prime Minister Mark Carney has asked for a review of Canada's plan to purchase a fleet of F-35 fighter jets. The deal wi...,Carney orders review of U.S. fighter jet purchase amid trade tensions - National,Canada's deal with Lockheed Martin and the United States government is for 88 F-35 fighter planes at a cost of about US$85 million each.,"donald trump tariffs, Mark Carney, Canada, Economy, Politics",Neutral,,Canada/US Relations,
https://globalnews.ca/news/11084341/carney-st-patricks-day-parade/,Canada,Center,globalnews.ca,2025-03-16,Prime Minister Mark Carney marched in Montreal's St. Patrick's Day parade today as the event marked its 200th anniversa...,Carney marches in Montreal's St. Patrick's Day parade celebration - National,"Carney, who is also celebrating his 60th birthday, was serenaded by some revellers with happy birthday, some of whom who cheered his presence at the yearly Mont...","Mark Carney, Canada, Politics",Neutral,,Culture/Social life/Events/Sports,
https://globalnews.ca/news/11128725/mark-carney-canada-strong-pass-kids-free/,Canada,Center,globalnews.ca,04/12/2025,"With more Canadians opting for local vacations amid ongoing trade tensions with the United States, Liberal Leader Mark Carn...",Carney unveils new 'Canada Strong Pass.' What free perks are available? - National,"Liberal Leader Mark Carney introduced the 'Canada Strong Pass' on Saturday, offering free access to national galleries, museums and VIA Rail for kids.","canada election, Canada Strong Pass, Mark Carney, Canada, Politics",Neutral,,Canadian Domestic Governance/Economy/Industry,
https://globalnews.ca/news/11541948/albertas-bc-pipeline-talks-david-eby/,Canada,Center,globalnews.ca,2025-11-25,"For a project he says 'doesn't actually exist,' there was a lot British Columbia Premier David Eby had to say about a...","It's unacceptable B.C. has been cut out of pipeline talks, Premier Eby tells Mark Carney","For a project he says 'doesn't actually exist,' there was a lot British Columbia Premier David Eby had to say about a potential pipeline from Alberta to B.C.'s ...","Pipeline, Alberta Oil, David Eby, Trans Mountain Pipeline, Canada, Politics",Negative,,Canadian Domestic Governance/Economy/Industry,
https://globalnews.ca/news/11156931/diana-fox-carney-prime-minister-wife-canada/,Canada,Center,globalnews.ca,2025-04-30,"With Mark Carney fresh off an election win that keeps him in the Prime Minister's Office, there's a woman Canadians wil...","Diana Fox Carney: Hockey player, economist ‚Äî and the prime minister's wife - National","With Mark Carney staying in the Prime Minister's Office, here's what we know about his wife, Diana Fox Carney ‚Äî an economist, environmental advocate and hocke...","Diana Fox Carney, canada election, Mark Carney, Canada, Politics",Neutral,,Biography/Opinion/Criticism/Personal Details,
https://globalnews.ca/news/11329058/mark-carney-approval-rating-august-2025/,Canada,Center,globalnews.ca,08/10/2025,Share this item on Twitter Share this item via WhatsApp Share this item on Facebook A new poll...,Prime Minister Carney maintains positive approval rating despite summer cooldown: poll,"Abacus Data says the Liberal government's approval dipped to 50 per cent in its latest polling, down two percentage points compared to mid-July and the lowest l...","Mark Carney, Abacus Data, Politics",Positive,,Canadian Domestic Governance/Economy/Industry,double check
https://globalnews.ca/news/11082822/mark-carney-consumer-carbon-price-terminated-immediately/,Canada,Center,globalnews.ca,2025-03-14,"Prime Minister Mark Carney said Friday his Liberal government is 'immediately' ending the consumer carbon price, making...",Carney says consumer carbon price terminated 'immediately',Carney said the order he signed fulfilled a promise he made while running for the Liberal leadership and will help address affordability concerns for Canadians.,"Mark Carney, Carbon Pricing, Carbon Tax, Canada, Consumer, Environment, Politics",Neutral,,Canadian Domestic Governance/Economy/Industry,
https://globalnews.ca/news/11016177/carney-freeland-bc-interviews/,Canada,Center,globalnews.ca,2025-02-13,"The Liberal Party of Canada will choose its next leader ‚Äî and by extension, the country's next prime minister ‚Äî on Ma...","Liberal leadership candidates Freeland, Carney lay out visions during B.C. tour","As the leadership race heats up, two of the frontrunners made campaign swings to British Columbia, where they spoke with Focus BC about their vision for the cou...","Liberal Leadership, Chrystia Freeland, Mark Carney, Politics",Neutral,,2025 Elections/Campaigning/Federal Parties,
https://globalnews.ca/news/11092042/mark-carney-hos-canadian-premier-meeting-election-call/,Canada,Center,globalnews.ca,2025-03-21,Prime Minister Mark Carney is hosting Canada's premiers Friday in Ottawa as the provinces grapple with the effects of Chi...,Carney to meet with Canadian premiers ahead of expected election call - National,Prime Minister Mark Carney is hosting Canada's premiers Friday in Ottawa as the provinces grapple with the effects of Chinese and U.S. tariffs.,"Mark Carney, Canada, Politics",Neutral,,2025 Elections/Campaigning/Federal Parties,edge case
https://globalnews.ca/news/11290361/mark-carney-steelworkers-meeting-trade-talks/,Canada,Center,globalnews.ca,2025-07-16,Prime Minister Mark Carney is scheduled to be in Hamilton today to make an announcement related to the steel industry. It ...,Carney to meet with steelworkers as U.S. trade talks continue,It has been more than a month since U.S. President Donald Trump doubled tariffs on steel and aluminum products from 25 to 50 per cent.,"Mark Carney, Donald Trump, steel industry, Canada, Politics",Neutral,,Canada/US Relations,
https://globalnews.ca/news/11162068/saskatchewan-premier-scott-moe-meets-mark-carney/,Canada,Center,globalnews.ca,05/02/2025,"Just days after Saskatchewan Premier Scott Moe invited Prime Minister Mark Carney to meet, the two have come together to ta...",Saskatchewan premier Scott Moe meets with Prime Minister Carney after election,"Just days after the federal election, Saskatchewan is looking for a new relationship with the federal government. It starts with a conversation between Premier ...","Mark Carney, Scott Moe, Politics",Neutral,,2025 Elections/Campaigning/Federal Parties,
https://globalnews.ca/news/11159482/mark-carney-housing-plan-timeline/,Canada,Center,globalnews.ca,05/01/2025,"With the Liberals winning a minority government, the focus will turn towards Prime Minister Mark Carney's plan to fix Can...",Mark Carney has a housing plan. How long will it take to implement? - National,"Housing experts and economists say some of the proposed measures in Prime Minister Mark Carney's housing plan are promising, but some key challenges remain.","canada election, Housing, Mark Carney, Canada, Consumer, Economy, Politics",Positive,,Canadian Domestic Governance/Economy/Industry,
https://globalnews.ca/news/11417373/ipsos-poll-with-mps-returning-carney-government-has-decade-high-approval/,Canada,Center,globalnews.ca,2025-09-13,Prime Minister Mark Carney's government will face the House of Commons next week for the first time since June. It begins the fall sitting of Parliament with ...,"Ipsos poll: With MPs returning, Carney government has decade-high approval - National",Canadians appear ready to give the Carney government the benefit of the doubt. But new polling shows the Liberals have some vulnerabilities on affordability and...,"Parliament's return, Carney Government, Economy, housing affordability, Canada, Politics",Positive,,Canadian Domestic Governance/Economy/Industry,
https://globalnews.ca/news/11251301/mark-carney-house-speaker-mr-prime-minister/,Canada,Center,globalnews.ca,2025-06-20,"In a moment that caused both sides of the House of Commons to erupt into laughter, Prime Minister Mark Carney mistakenly ga...","Carney calls House Speaker 'Mr. Prime Minister,' prompting laughs from MPs - National","In a moment that caused both sides of the House of Commons to erupt into laughter, Prime Minister Mark Carney mistakenly gave his own title to Speaker of the Ho...","Mark Carney, Canadian Politics, House of Commons, Canada, Politics, Trending",Neutral,,Canadian Domestic Governance/Economy/Industry,
https://globalnews.ca/news/11288047/poilievre-carney-assets-brookfield/,Canada,Center,globalnews.ca,2025-07-14,Share this item on Twitter Share this item via WhatsApp Share this item on Facebook The Conser...,"Not satisfied with ethics screen, Poilievre wants Carney to sell his assets",Conservative party leader Pierre Poilievre is being outspoken in saying Prime Minister Mark Carney should do more to clear him of any conflicts of interest.,"Brookfield, Mark Carney, Pierre Poilievre, Canada, Politics",Negative,,Canadian Domestic Governance/Economy/Industry,double check
https://globalnews.ca/news/11106186/liberal-paul-chiang-china-bounty-remark/,Canada,Center,globalnews.ca,2025-03-31,Liberal Party Leader Mark Carney is facing growing calls to remove an Ontario candidate from running in the federal electio...,Liberal candidate to stay in race despite China bounty remark: Carney,Mark Carney says Paul Chiang can remain a Liberal candidate in the election after apologizing for remarks he made in January about a Conservative candidate.,"canada election, China, Liberal Party, Paul Chiang, Canada, Politics",Neutral,,2025 Elections/Campaigning/Federal Parties,
https://globalnews.ca/news/11454790/carney-returning-to-canada-from-u-k-trip/,Canada,Center,globalnews.ca,2025-09-28,Share this item on Twitter Share this item via WhatsApp Share this item on Facebook LONDON ‚Äì...,Carney returning to Canada from U.K. trip - National,Prime Minister Mark Carney is returning to Ottawa after a trip to London that saw him meet with four other prime ministers and attend the Women's Rugby World Cu...,"Canadian Politics, Politics",Neutral,,International Relations & Diplomacy,
https://globalnews.ca/news/11457612/carney-trump-israel-gaza-ceasefire-plan/,Canada,Center,globalnews.ca,2025-09-30,"Prime Minister Mark Carney said Canada welcomes U.S. President Donald Trump's 'historic new Middle East peace plan,' ...",Carney welcomes Trump's 'historic' Israel-Hamas ceasefire plan - National,"Carney says he urges all parties to help the plan reach ""its full potential,"" which includes the release of all Israeli hostages and hundreds of Palestinian pri...","Donald Trump, gaza, Israel, Mark Carney, Canada, Politics, U.S. News, World",Neutral,,International Relations & Diplomacy,
https://globalnews.ca/news/11063086/mark-carney-stephen-harper-economic-record/,Canada,Center,globalnews.ca,03/03/2025,Former prime minister Stephen Harper says Mark Carney is unfairly taking credit for the previous Conservative government'...,Harper says Carney taking undue credit for Canada's 2008 recession recovery - National,Harper says in a letter to supporters that Carney is taking credit for 'hard calls' made by late Conservative finance minister Jim Flaherty during the 2008 fina...,"Mark Carney, Justin Trudeau, Liberal Leadership, Stephen Harper, Canada, Politics",Negative,,Canadian Domestic Governance/Economy/Industry,
https://globalnews.ca/news/11347299/carney-germany-talks/,Canada,Center,globalnews.ca,2025-08-23,Prime Minister Mark Carney is on his way to Europe for key meetings with business and political leaders as global tensions ...,Carney heads to Berlin for high-stakes talks with German Chancellor Friedrich Merz - National,"Prime Minister Mark Carney is on his way to Germany for a key meeting with Chancellor Friedrich Merz, where trade and security talks will be of top priority.","Prime Minister Mark Carney, Germany, Trade, Canada",Neutral,,International Relations & Diplomacy,
https://globalnews.ca/news/11323701/canadian-armed-forces-mark-carney-defence-announcement/,Canada,Center,globalnews.ca,08/08/2025,Share this item on Twitter Share this item via WhatsApp Share this item on Facebook Prime Mini...,Carney set to make defence announcement during tour at military base - National,Canada and its NATO allies agreed at their annual summit in June to substantially hike their members' defence spending target to five per cent of annual GDP by ...,"Canadian Armed Forces, Mark Carney, NATO, Canada",Neutral,,Canadian Domestic Governance/Economy/Industry,
https://globalnews.ca/news/11243484/carney-trump-meeting-g7-summit/,Canada,Center,globalnews.ca,2025-06-16,Prime Minister Mark Carney will meet this morning with U.S. President Donald Trump at the G7 summit in Alberta. It's Tru...,"Carney, Trump set to meet during G7 summit amid 'sensitive' talks - National","It's Trump's first visit to Canada since he started repeatedly saying the country should become an American state, leading Canadians to boo the American anthem ...","canada u.s., Donald Trump, Mark Carney, Canada, U.S. News",Neutral,,Canada/US Relations,
https://globalnews.ca/news/11288826/mark-carney-cabinet-trump-tariffs/,Canada,Center,globalnews.ca,2025-07-15,Prime Minister Mark Carney will meet with his cabinet today for the first time since U.S. President Donald Trump threatened...,Trump's new tariff threat the focus as Carney meets with cabinet - National,Trump said in a letter to Carney last week that the United States will put a 35 per cent tariff on Canadian goods starting Aug. 1.,"trump trade war, Donald Trump, Mark Carney, trump tariffs, Canada, U.S. News",Neutral,,Canada/US Relations,
https://globalnews.ca/news/11476046/carney-hostages-release-gaza-peace-deal-statement/,Canada,Center,globalnews.ca,2025-10-13,Prime Minister Mark Carney is calling the release of hostages under a ceasefire deal in Gaza 'a moment of profound relief...,Carney calls hostages release under Gaza peace deal 'moment of profound relief' - National,"In the statement, Carney praised Trump's leadership in advancing the peace plan and called on all parties to implement the terms of the ceasefire.","Mark Carney, Ceasefire, gaza, Israel, Canada, Politics, World",Neutral,,International Relations & Diplomacy,
https://globalnews.ca/news/11185061/mark-carney-in-rome/,Canada,Center,globalnews.ca,2025-05-17,Prime Minister Mark Carney landed in Rome Saturday morning where he will meet with Italian leadership later in the day. Ca...,Carney lands in Rome to attend Pope's inaugural mass - National,"Prime Minister Mark Carney, a devout Catholic, is in the Italian capital to attend the inauguration mass of Pope Leo XIV on Sunday.","Mark Carney, Canada, Politics",Neutral,,International Relations & Diplomacy,
https://globalnews.ca/news/11435162/david-lametti-un-ambassador-canada-carney/,Canada,Center,globalnews.ca,2025-09-18,Share this item on Twitter Share this item via WhatsApp Share this item on Facebook Prime Mini...,Carney names David Lametti as new UN ambassador - National,"Lametti, who served as Carney's principal secretary and is a former justice minister, will replace former Liberal leader Bob Rae, who has held the role since 20...","david lametti, UN Ambassador, United Nations, Canada, Politics",Neutral,,Canadian Domestic Governance/Economy/Industry,
https://globalnews.ca/news/11185890/liberal-budget-fall-carney/,Canada,Center,globalnews.ca,2025-05-18,Prime Minister Mark Carney says the Liberal government plans to table a federal budget this fall. Speaking to reporters in...,"Liberal government will table federal budget in the fall, Carney says - National","Speaking to reporters in Rome, Carney defended his decision not to present a budget this spring, saying there is little value in rushing the process.","Federal Budget, Mark Carney, Canada, Economy, Politics",Neutral,,Canadian Domestic Governance/Economy/Industry,
https://globalnews.ca/news/11216201/canada-china-regularize-communications-carney-li/,Canada,Center,globalnews.ca,06/06/2025,Share this item on Twitter Share this item via WhatsApp Share this item on Facebook Prime Mini...,"Canada, China to regularize communication after Carney, Li talks - National",Carney said earlier this week that Ottawa is working urgently to remove Chinese tariffs on Canadian agriculture and seafood products.,"Canada China, Canada China tensions, China, Mark Carney, Canada, Politics",Neutral,,International Relations & Diplomacy,
https://globalnews.ca/news/11238228/mark-carney-danielle-smith-stanley-cup-oilers-g7/,Canada,Center,globalnews.ca,06/12/2025,Share this item on Twitter Share this item via WhatsApp Share this item on Facebook Alberta Pr...,"Carney, Smith won't attend Game 5 of Stanley Cup final: Alberta premier's office",Smith extended an invitation last week for Carney to join her for Game 5 of the Stanley Cup final.,"NHL, Danielle Smith, Mark Carney, NHL Playoffs, Stanley Cup Final, Politics, Sports",Neutral,,Culture/Social life/Events/Sports,
https://globalnews.ca/news/11205242/mark-carney-foreign-threats/,Canada,Center,globalnews.ca,2025-05-30,Prime Minister Mark Carney says he is 'trying to learn some diplomacy' from King Charles III as Canada faces 'foreign...,"Amid foreign threats, Carney 'trying to learn some diplomacy from the King' - National",Prime Minister Mark Carney made an apparent reference to the economic threat Canada is facing from the tariffs imposed by U.S. President Donald Trump.,"Mark Carney, donald trump tariffs, King Charles III, Canada, Economy, Politics",Neutral,,Canada/US Relations,
https://globalnews.ca/news/11473742/carney-defends-paying-half-a-million-ceo-appointees/,Canada,Center,globalnews.ca,10/10/2025,Prime Minister Mark Carney is defending his decision to pay the CEOs of two new government offices annual salaries that are...,Carney defends paying more than half a million a year to CEO appointees - National,Carney said their responsibilities are enormous and include things like making major military procurement decisions and reviewing industrial development project...,"Mark Carney, Canada, Economy, Politics",Neutral,,Canadian Domestic Governance/Economy/Industry,
https://globalnews.ca/news/11331805/ford-carney-lower-taxes-meeting/,Canada,Center,globalnews.ca,08/12/2025,"Prime Minister Mark Carney is set to meet Monday with Ontario Premier Doug Ford, who says he plans to urge the prime minist...","Ford heading to Ottawa to meet with Carney, urge lower taxes",Ford says he'll travel to Ottawa for what he calls a,"Doug Ford, Ford government, Mark Carney, Ontario politics, Politics",Neutral,,Canadian Domestic Governance/Economy/Industry,
https://globalnews.ca/news/11347976/carney-ukraine-2/,Canada,Center,globalnews.ca,2025-08-24,Prime Minister Mark Carney says he is not ruling out putting Canadian troops on the ground in Ukraine as part of an eventua...,Carney not ruling out Canadian troops on ground in Ukraine - National,"PM Mark Carney says Canada may deploy troops to Ukraine as part of future security guarantees, during surprise visit and joint presser with President Zelenskyy.","Ukraine, Mark Carney, Canada",Neutral,,International Relations & Diplomacy,
https://globalnews.ca/news/11247778/carney-to-attend-nato-canada-eu-summits-in-europe/,Canada,Center,globalnews.ca,2025-06-18,Prime Minister Mark Carney heads to Europe on the weekend to attend summits on NATO and Canada-EU relations. The Prime Min...,"Carney to attend NATO, Canada-EU summits in Europe - National",The Prime Minister's Office said the leaders will work to,"European union, Mark Carney, NATO, Canada, World",Neutral,,International Relations & Diplomacy,
https://globalnews.ca/news/11496166/mark-carney-meeting-chinese-president-jinping/,Canada,Center,globalnews.ca,2025-10-27,Prime Minister Mark Carney plans to meet with Chinese President Xi Jinping while the pair are at the Asia Pacific Economic ...,Carney to discuss 'resetting of expectations' with Chinese president - National,"Prime Minister Mark Carney says he plans to meet with Chinese President Xi Jinping later this week to discuss ""a broad range of issues.""","China tariffs, Canada, Economy, World",Neutral,,International Relations & Diplomacy,
https://globalnews.ca/news/11245329/mark-carney-modi-zelenskyy-talks-g7-summit/,Canada,Center,globalnews.ca,2025-06-17,Share this item on Twitter Share this item via WhatsApp Share this item on Facebook Prime Mini...,"Carney to hold talks with Modi, Zelenskyy as G7 summit enters final day - National",Prime Minister Mark Carney will hold bilateral talks with Indian Prime Minister Narendra Modi and Ukrainian President Volodymyr Zelenskyy on the final day of th...,"G7 Summit, Mark Carney, Narendra Modi, Volodymyr Zelenskyy, Canada, World",Neutral,,International Relations & Diplomacy,
https://globalnews.ca/news/11530058/carney-premiers-meeting-november-budget/,Canada,Center,globalnews.ca,2025-11-17,"New Brunswick Premier Susan Holt says premiers had a 'productive' meeting with Prime Minister Mark Carney today, mainly...",Premiers hint at 'significant' tariff relief to come after Carney meeting - National,"New Brunswick Premier Susan Holt said premiers had a ""productive"" meeting with Carney that focused on the federal budget and progress on tariff talks with the U...","Mark Carney, Premiers, Premiers Meeting, Canada, Politics",Neutral,,Canadian Domestic Governance/Economy/Industry,
https://globalnews.ca/news/11473715/mark-carney-emissions-cap/,Canada,Center,globalnews.ca,10/10/2025,Prime Minister Mark Carney says the fate of the emissions cap on oil and gas producers depends on other efforts to lower em...,It depends': Carney shifts stance on emissions cap - National,Carney¬†was asked if he is considering dropping the¬†cap¬†and the tanker ban along the B.C. coast.,"Mark Carney, Emissions Cap, Canada, Environment, Politics",Neutral,,Canadian Domestic Governance/Economy/Industry,
https://globalnews.ca/news/11546159/carney-pipeline-deal-alberta/,Canada,Center,globalnews.ca,2025-11-27,Prime Minister Mark Carney is expected to unveil an agreement with Alberta Thursday which could clear the way for a new oil...,Carney expected to unveil pipeline deal with Alberta,"Alberta Premier Danielle Smith has said her government has been negotiating a ""grand bargain"" on carbon capture and an oil pipeline with the federal government.","Pipeline, Danielle Smith, Mark Carney, Canada, Economy, Politics",Neutral,,Canadian Domestic Governance/Economy/Industry,"could also be federal govt, recheck"
https://globalnews.ca/news/11469911/carney-trump-meeting-keystone-xl-pipeline/,Canada,Center,globalnews.ca,10/08/2025,Prime Minister Mark Carney raised the prospect of reviving the Keystone XL pipeline project with U.S. President Donald Trum...,"Carney pitched reviving Keystone XL pipeline in Trump talks, source says",The source said the pipeline was raised as part of a larger pitch on linking energy cooperation and support for Canada's steel and aluminum sectors.,"Keystone XL, Donald Trump, donald trump tariffs, Mark Carney, Canada, Economy, Politics, U.S. News",Neutral,,Canada/US Relations,
https://globalnews.ca/news/11482400/carney-border-security-measures/,Canada,Center,globalnews.ca,2025-10-17,Share this item on Twitter Share this item via WhatsApp Share this item on Facebook The federa...,Carney set to announce border security measures - National,"The Liberal government split its border security bill this month, hoping to pass some measures quickly and give more time for scrutiny of more controversial one...","Border security, Mark Carney, Canada, Politics",Neutral,,Canadian Domestic Governance/Economy/Industry,
https://globalnews.ca/news/11350211/submarines-critical-minerals-carney-germany/,Canada,Center,globalnews.ca,2025-08-26,"Canada has narrowed down its shopping list for its next fleet of submarines to those made by two suppliers, Germany's Thy...","Submarines, critical minerals in focus as Carney talks closer ties in Germany - National",Prime Minister Mark Carney announced at a news conference on Tuesday morning that Germany and South Korea are the two best suppliers to meet Canada's submarine ...,"critical minerals, Mark Carney, submarines, Canada, Economy",Neutral,,International Relations & Diplomacy,
https://nationalpost.com/opinion/chris-selley-mark-carney-daily-show,Canada,Right,nationalpost.com,2025-01-14,Chris Selley: Mark Carney on The Daily Show ‚Äî why?,Chris Selley: Mark Carney on The Daily Show ‚Äî why? That show from 2008? On cable tel...,"That show from 2008? On cable television, which no one under 35 subscribes to?","Discover, Mark Carney, Realtime, The Daily Show",Negative,,Biography/Opinion/Criticism/Personal Details,
https://nationalpost.com/news/mark-carney-canadas-next-prime-minister,Canada,Right,nationalpost.com,3/10/2025,"Meet Mark Carney, Canada's inevitable, improbable next prime minister","Meet Mark Carney, Canada's inevitable, improbable next prime minister He has never hel...","He has never held elected office but the former back-up goalie and global banker from the N.W.T., is ready for his biggest challenge yet.","Longreads, Mark Carney",Negative,,Biography/Opinion/Criticism/Personal Details,
https://nationalpost.com/opinion/watch-who-is-mark-carney,Canada,Right,nationalpost.com,2025-02-18,WATCH: Who is Mark Carney?,"Last week, National Post se...","Philip Cross, former chief economic analyst at Statistics Canada, sits down with NP to discuss Mark Carney","Liberal leaderhsip race, Mark Carney",Neutral,,Biography/Opinion/Criticism/Personal Details,
https://nationalpost.com/news/politics/dominic-leblanc-endorses-mark-carney,Canada,Right,nationalpost.com,2025-02-20,Finance Minister Dominic LeBlanc endorses Mark Carney for Liberal leader,OTTAWA ‚Äî Dominic LeBla...,"LeBlanc's endorsement adds to a sizeable number of Liberal MPs already behind Carney, with more than 80 backing his candidacy so far.","Liberal Leadership Race, Mark Carney",Positive,,2025 Elections/Campaigning/Federal Parties,
https://nationalpost.com/opinion/matthew-lau-mark-carney-is-nothing-like-paul-martin,Canada,Right,nationalpost.com,3/3/2025,Matthew Lau: Mark Carney is nothing like Paul Martin,Matthew Lau: Mark Carney is nothing like Paul Martin Carney's budgets accounting trick...,"Carney's budgets accounting tricks, tax plans opposite of deficit slaying former prime minister",,Negative,,Biography/Opinion/Criticism/Personal Details,
https://nationalpost.com/news/canada/liberal-leadership-hopeful-mark-carney-pledges-temporary-cap-on-immigration,Canada,Right,nationalpost.com,2025-02-24,Liberal leadership hopeful Mark Carney pledges temporary cap on immigration,Liberal leadership hopeful Mark Carney pledges temporary cap on immigration Carney is ...,Carney is also pledging to double the pace of new housing construction over a decade.,"Liberal leadership, Mark Carney",Neutral,,Canadian Domestic Governance/Economy/Industry,
https://nationalpost.com/opinion/geoff-russ-the-astroturfing-of-mark-carney,Canada,Right,nationalpost.com,2/5/2025,Geoff Russ: The astroturfing of Mark Carney,Geoff Russ: The astroturfing of Mark Carney The Carney campaign is working to convince...,"The Carney campaign is working to convince Canada that he's someone he is not, all for the benefit of the desperate Liberals",,Negative,,Biography/Opinion/Criticism/Personal Details,
https://nationalpost.com/opinion/britains-stern-warnings-about-mark-carney,Canada,Right,nationalpost.com,2025-03-21,Michael Taube: Heed Britain's stern warnings about Mark Carney,Michael Taube: Heed Britain's stern warnings about Mark Carney The British press has b...,The British press has been far more critical of our new prime minister than our own,Mark Carney,Negative,,Biography/Opinion/Criticism/Personal Details,
https://nationalpost.com/opinion/np-view-mark-carney-is-a-mirage,Canada,Right,nationalpost.com,2025-03-29,NP View: Mark Carney is a mirage,NP View: Mark Carney is a mirage Plagiarism accusations only the latest evidence he's ...,Plagiarism accusations only the latest evidence he's been oversold,,Negative,,Biography/Opinion/Criticism/Personal Details,
https://nationalpost.com/opinion/michael-higgins-mark-carney-and-the-truth-dont-get-along,Canada,Right,nationalpost.com,3/5/2025,Michael Higgins: Mark Carney and the truth don't get along,Michael Higgins: Mark Carney and the truth don't get along The Liberal leadership fron...,The Liberal leadership frontrunner seems to think that politics is the art of the inexactitude,,Negative,,Biography/Opinion/Criticism/Personal Details,
https://nationalpost.com/opinion/terry-glavin-who-is-this-mark-carney-guy-anyway,Canada,Right,nationalpost.com,2025-03-13,"Terry Glavin: Who is this Mark Carney guy, anyway?","Terry Glavin: Who is this Mark Carney guy, anyway? Carney is an almost cartoonishly st...",Carney is an almost cartoonishly stereotypical figure straight out of the fever dreams of American celebrity lunatic Tucker Carlson ‚Äî a World Economic Forum g...,,Negative,,Biography/Opinion/Criticism/Personal Details,
https://nationalpost.com/news/canada/mark-carney-alberta-bound-locals-say-dont-count-on-it,Canada,Right,nationalpost.com,2025-03-18,Is Mark Carney Alberta bound? Locals say don't count on it,Is Mark Carney Alberta bound? Locals say don't count on it Carney leaned heavily into ...,"With the Liberals enjoying a rare polling bump in Western Canada, some have speculated that currently seatless Prime Minister Mark Carney.","Discover, Federal election, Mark Carney",Negative,,2025 Elections/Campaigning/Federal Parties,
https://nationalpost.com/news/canada/prime-minister-mark-carney-hosts-meeting-with-canadas-premiers-today,Canada,Right,nationalpost.com,2025-03-21,Prime Minister Mark Carney hosts meeting with Canada's premiers today,Prime Minister Mark Carney hosts meeting with Canada's premiers today Meeting takes ...,Meeting takes place days before Carney is expected to launch a federal election that would send Canadians to the polls as soon as April 28.,"Mark Carney, Premiers",Neutral,,Canadian Domestic Governance/Economy/Industry,
https://nationalpost.com/opinion/mark-carney-follows-trudeaus-anti-israel-lead,Canada,Right,nationalpost.com,2025-02-16,Michael Higgins: Mark Carney follows Trudeau's anti-Israel lead,Michael Higgins: Mark Carney follows Trudeau's anti-Israel lead Liberal leadership can...,Liberal leadership candidates Mark Carney and Frank Baylis couldn't even bring themselves to mention the hostages,"Antisemitism, Israel-Hamas War, Justin Trudeau, Liberal Leadership Race, Mark Carney",Neutral,,International Relations & Diplomacy,
https://nationalpost.com/opinion/raymond-j-de-souza-mark-carney-for-conservative-finance-minister,Canada,Right,nationalpost.com,2024-12-19,Raymond J. de Souza: Mark Carney for Conservative finance minister,Raymond J. de Souza: Mark Carney for Conservative finance minister Good players can pl...,Good players can play for different teams ‚Äî especially when a coaching change is coming,,Positive,,Canadian Domestic Governance/Economy/Industry,
https://nationalpost.com/news/canada/mark-carney-european-canada,Canada,Right,nationalpost.com,2025-03-17,Mark Carney calls Canada 'the most European of non-European countries' while in France,Prime Minister Mark Carney ...,Mark Carney holds Irish and British citizenship and chose to make his first trip as prime minister to France and the United Kingdom,"Canada, France, Mark Carney, Realtime, United Kingdom",Neutral,,International Relations & Diplomacy,
https://nationalpost.com/news/politics/mark-carney-silent-on-political-future-carbon-tax,Canada,Right,nationalpost.com,9/10/2024,"Mark Carney silent on his political future, carbon tax at Liberal caucus retreat","Mark Carney silent on his political future, carbon tax at Liberal caucus retreat The f...","The former Bank of Canada governor has been touted as a possible leadership contender to replace PM Justin Trudeau, who is struggling in polls",,Neutral,,Canadian Domestic Governance/Economy/Industry,
https://nationalpost.com/news/politics/liberals-think-mark-carney-needs-improvement-politically,Canada,Right,nationalpost.com,3/10/2025,Better French and clearer answers: Even hardcore Liberals think Mark Carney needs improvement politically,Better French and clearer answers: Even hardcore Liberals think Mark Carney needs impr...,"Mark Carney be Liberal leader, after a landslide win, but his skills as a politician need work, say some of his supporters.","LIberal Party of Canada, Mark Carney, Prime Minister Justin Trudeau",Negative,,Biography/Opinion/Criticism/Personal Details,
https://nationalpost.com/opinion/jamie-sarkonak-mark-carney-has-forever-politicized-the-bank-of-canada,Canada,Right,nationalpost.com,3/10/2025,Jamie Sarkonak: Mark Carney has forever politicized the Bank of Canada,Jamie Sarkonak: Mark Carney has forever politicized the Bank of Canada It doesn't matt...,"It doesn't matter that he is no longer in the role, the fact that he once held it is enough",,Negative,,Biography/Opinion/Criticism/Personal Details,
https://nationalpost.com/opinion/conrad-black-mark-carney-has-poor-values,Canada,Right,nationalpost.com,2025-03-29,Conrad Black: Mark Carney has poor values,Conrad Black: Mark Carney has poor values Canadians cannot possibly support his plans ...,Canadians cannot possibly support his plans for global climate policy,Federal Election 2025,Negative,,Biography/Opinion/Criticism/Personal Details,
https://nationalpost.com/news/mark-carney-french-language-debate,Canada,Right,nationalpost.com,2025-03-24,Mark Carney says 'non merci' to a French-language debate,Mark Carney says 'non merci' to a French-language debate TVA announced it was asking t...,Mark Carney lost the first French-language debate before it even started.,,Negative,,Biography/Opinion/Criticism/Personal Details,
https://nationalpost.com/news/canada/prime-minister-mark-carney-to-visit-france-u-k-for-first-foreign-trip,Canada,Right,nationalpost.com,2025-03-15,"Prime Minister Mark Carney to visit France, U.K. for first foreign trip",Carney says he was invited by French President Emmanuel Macron and Briti...,He has no plan yet to visit the United States until the time is right,"France, Mark Carney, U.K.",Neutral,,International Relations & Diplomacy,
https://nationalpost.com/opinion/mark-carney-shoots-blanks-again,Canada,Right,nationalpost.com,11/10/2025,"Mark Carney shoots blanks, again: Full Comment podcast",He promised a historic budget. He warned of big sacrifices. He said he had a vision. But what Prime Minister Mark Carney delivered was not much...,"Tasha Kheiriddin and Stuart Thomson discuss Carney's big-spending, big-government, Trudeau-style budget","Federal budget 2025, Full Comment, Mark Carney",Negative,,Biography/Opinion/Criticism/Personal Details,
https://nationalpost.com/opinion/terry-newman-mark-carney-put-your-elbows-down,Canada,Right,nationalpost.com,4/3/2025,"Terry Newman: Mark Carney, put your elbows down","Terry Newman: Mark Carney, put your elbows down Seeking exemptions through negotiation...","Seeking exemptions through negotiations, rather than aggressive language and counter-tariffs, might be more a useful approach",,Negative,,Biography/Opinion/Criticism/Personal Details,
https://nationalpost.com/opinion/terry-newman-mark-carney-isnt-who-he-says-is,Canada,Right,nationalpost.com,2025-01-15,Terry Newman: Mark Carney isn't who he says he is,Terry Newman: Mark Carney isn't who he says he is Donald Trump is going to eat him for...,Donald Trump is going to eat him for breakfast,,Negative,,Biography/Opinion/Criticism/Personal Details,
https://nationalpost.com/news/champagne-to-endorse-mark-carney-liberal-leadership,Canada,Right,nationalpost.com,2025-01-23,Champagne to endorse Mark Carney for Liberal leadership this weekend: source,Champagne to endorse Mark Carney for Liberal leadership this weekend: source The forme...,Former Bank of Canada governor Mark Carney is expected to be lining up more key endorsements from Liberal Quebec ministers in the coming days.,"Chrystia Freeland, Discover, Liberal Leadership Race, Mark Carney",Positive,,2025 Elections/Campaigning/Federal Parties,
https://nationalpost.com/news/politics/federal_election/mark-carney-cbc-reform,Canada,Right,nationalpost.com,2025-03-28,Mark Carney promises plan to 'reform' the CBC in coming days,"Mark Carney promises plan to 'reform' the CBC in coming days Not surprisingly, Carney ...",Liberal Leader Mark Carney says he wants to reform the CBC/Radio-Canada to ensure the public broadcaster is viable.,"CBC, CBC/Radio-Canada, Discover, Federal Election 2025, Mark Carney",Neutral,,Canadian Domestic Governance/Economy/Industry,
https://nationalpost.com/opinion/carson-jerema-mark-carney-the-conspiracy-theory-prime-minister,Canada,Right,nationalpost.com,3/10/2025,"Carson Jerema: Mark Carney, the conspiracy theory prime minister","Carson Jerema: Mark Carney, the conspiracy theory prime minister Liberal leader spread...",Liberal leader spreads baseless allegations against Pierre Poilievre,,Negative,,Biography/Opinion/Criticism/Personal Details,
https://nationalpost.com/news/canada/carney-says-he-resigned-from-all-his-roles-to-run-for-liberal-leadership-turns-out-he-hasnt,Canada,Right,nationalpost.com,2025-02-28,Carney says he resigned from 'all' his roles to run for Liberal leadership. Turns out he hasn't,Carney says he resigned from 'all' his roles to run for Liberal leadership. Turns out ...,"Mark Carney has not yet resigned from his multiple board positions, despite claiming this week that he had stepped down from all his roles.","Liberal Leadership Race, Mark Carney, Prime Minister Justin Trudeau",Negative,,2025 Elections/Campaigning/Federal Parties,
https://nationalpost.com/news/canada/mark-carney-montreal-st-patricks-day,Canada,Right,nationalpost.com,2025-03-16,Carney and Quebec cabinet ministers march in Montreal's 200th St. Patrick's Day parade,Carney and Quebec cabinet ministers march in Montreal's 200th St. Patrick's Day para...,Prime Minister Mark Carney and several Quebec cabinet ministers marched in the 200th Montreal St. Patrick's Day parade on Sunday.,"Mark Carney, Montreal, St. Patrick's Day",Neutral,,Culture/Social life/Events/Sports,
https://nationalpost.com/opinion/jamie-sarkonak-it-doesnt-matter-to-mark-carney-if-canada-survives,Canada,Right,nationalpost.com,2025-01-16,Jamie Sarkonak: It doesn't matter to Mark Carney if Canada survives,Jamie Sarkonak: It doesn't matter to Mark Carney if Canada survives As a member of the...,"As a member of the global elite, he will always be free from the consequences of his political actions",,Negative,,Biography/Opinion/Criticism/Personal Details,
https://nationalpost.com/news/canada/unique-friend-mark-carney-visits-emmanuel-macron-in-first-international-trip-as-world-leader,Canada,Right,nationalpost.com,2025-03-17,Unique friend:' Mark Carney visits Emmanuel Macron in first international trip as world leader,Unique friend:' Mark Carney visits Emmanuel Macron in first international trip as wor...,"Later in the day, Carney heads to London for talks with Prime Minister Keir Starmer and a private meeting with King Charles.","Emmanuel Macron, Mark Carney",Neutral,,International Relations & Diplomacy,
https://nationalpost.com/opinion/baggage-mark-carney-is-bringing-to-his-prime-ministerial-bid,Canada,Right,nationalpost.com,2025-01-14,FIRST READING: The baggage Mark Carney is bringing to his prime ministerial bid,FIRST READING: The baggage Mark Carney is bringing to his prime ministerial bid It's n...,It's not turning out to be the cake walk he might have expected,"Discover, Justin Trudeau, Mark Carney, Trudeau Liberals",Negative,,Biography/Opinion/Criticism/Personal Details,
https://nationalpost.com/opinion/carson-jerema-mark-carney-is-acting-like-a-normal-pm-hes-not,Canada,Right,nationalpost.com,2025-03-17,Carson Jerema: Mark Carney is acting like a normal PM. He's not,Carson Jerema: Mark Carney is acting like a normal PM. He's not He has no business goi...,He has no business going on international trips until he tests the confidence of the House,,Negative,,Biography/Opinion/Criticism/Personal Details,
https://nationalpost.com/opinion/christopher-dummitt-mark-carney-gives-in-to-woke-left-throws-father-under-the-bus,Canada,Right,nationalpost.com,4/8/2025,"Christopher Dummitt: Mark Carney gives in to woke left, throws father under the bus","Christopher Dummitt: Mark Carney gives in to woke left, throws father under the bus Ho...","However, activists were relatively restrained in their demands Liberal leader distance himself",,Negative,,Biography/Opinion/Criticism/Personal Details,
https://nationalpost.com/opinion/amy-hamm-the-liberal-party-is-rotten-mark-carney-is-the-new-core,Canada,Right,nationalpost.com,2025-03-19,Amy Hamm: The Liberal party is rotten. Mark Carney is the new core,Amy Hamm: The Liberal party is rotten. Mark Carney is the new core The problems always...,The problems always extended beyond Trudeau,,Negative,,Biography/Opinion/Criticism/Personal Details,
https://nationalpost.com/opinion/liberal-leader-mark-carney-conservatives,Canada,Right,nationalpost.com,3/10/2025,"Chris Selley: New Liberal Leader Mark Carney pitches national unity, just not with Conservatives","Chris Selley: New Liberal Leader Mark Carney pitches national unity, just not with Con...","In reality, both parties are determined to stand up to Trump. Canadians deserve an immediate election campaign to decide who'd do it best.","Liberal leadership, Liberals, Mark Carney",Neutral,,Biography/Opinion/Criticism/Personal Details,
https://nationalpost.com/opinion/michael-higgins-mark-carney-has-no-idea-how-to-respond-to-donald-trump,Canada,Right,nationalpost.com,2025-03-27,Michael Higgins: Mark Carney has no idea how to respond to Donald Trump,Michael Higgins: Mark Carney has no idea how to respond to Donald Trump He could learn...,He could learn a thing or two from Pierre Poilievre,Federal Election 2025,Negative,,Biography/Opinion/Criticism/Personal Details,
https://nationalpost.com/news/politics/mark-carney-leading-a-one-man-task-force,Canada,Right,nationalpost.com,10/1/2024,The 'task force' Mark Carney was hired to lead has no members but him,"The 'task force' Mark Carney was hired to lead has no members but him Carney, consider...","Carney, considered a future leadership contender for the party, has not expanded his task force and there is no deadline for his report.",,Neutral,,Canadian Domestic Governance/Economy/Industry,
https://nationalpost.com/opinion/carson-jerema-mark-carney-will-march-us-straight-into-an-american-disaster,Canada,Right,nationalpost.com,2025-02-13,Carson Jerema: Mark Carney will march us straight into an American disaster,Carson Jerema: Mark Carney will march us straight into an American disaster He isn't t...,He isn't taking the Trump threat seriously,,Negative,,Biography/Opinion/Criticism/Personal Details,
https://nationalpost.com/opinion/michael-higgins-does-mark-carney-also-admire-chinas-basic-dictatorship,Canada,Right,nationalpost.com,4/1/2025,Michael Higgins: Does Mark Carney also admire China's 'basic dictatorship'?,Michael Higgins: Does Mark Carney also admire China's 'basic dictatorship'? He must re...,He must remove Paul Chiang as Liberal candidate immediately,Federal Election 2025,Negative,,Biography/Opinion/Criticism/Personal Details,
https://nationalpost.com/opinion/jordan-peterson-mark-carney-doesnt-value-a-prosperous-canada,Canada,Right,nationalpost.com,3/8/2025,Jordan Peterson: Mark Carney doesn't value a prosperous Canada,Jordan Peterson: Mark Carney doesn't value a prosperous Canada This would-be planetary saviour has no respect for free markets Photo by ANDREJ IVANOV / AFP via ...,This would-be planetary saviour has no respect for free markets,,Negative,,Biography/Opinion/Criticism/Personal Details,
https://nationalpost.com/opinion/geoff-russ-mark-carney-cant-be-trusted-to-get-immigration-under-control,Canada,Right,nationalpost.com,2025-03-29,Geoff Russ: Mark Carney can't be trusted to get immigration under control,Geoff Russ: Mark Carney can't be trusted to get immigration under control Bringing on ...,Bringing on Century Initiative co-founder calls into question pledge to move to centre,,Negative,,Biography/Opinion/Criticism/Personal Details,
https://nationalpost.com/news/politics/justin-trudeau-out-mark-carney-in-as-prime-minister-on-friday-reports,Canada,Right,nationalpost.com,3/12/2025,"Mark Carney to be sworn in as PM Friday, marking Trudeau's last day",A senior source confirmed that Carney will visit Rideau Hal...,"Justin Trudeau's last day as prime minister will be Friday, the day Mark Carney and a new cabinet are reportedly set to be sworn in.","Discover, Justin Trudeau, Mark Carney, Rideau Hall",Neutral,,2025 Elections/Campaigning/Federal Parties,
https://nationalpost.com/opinion/mark-carney-hired-to-tell-liberals-theyve-been-doing-it-wrong,Canada,Right,nationalpost.com,9/10/2024,John Ivison: Mark Carney gets hired to tell Liberals they've been doing it all wrong,John Ivison: Mark Carney gets hired to tell Liberals they've been doing it all wrong W...,"Why is Carney doing it? I think he wants to keep himself in the public eye, in case there's a vacancy at the top of the Liberal party soon.",,Neutral,,2025 Elections/Campaigning/Federal Parties,
https://nationalpost.com/opinion/mark-carney-has-already-started-seriously-harming-the-economy,Canada,Right,nationalpost.com,2025-05-20,Mark Carney has already started seriously harming the economy: Full Comment podcast,He won last month's election for the Liberals promising he had a plan to protect Canada's economy from the predations of the American presi...,"Since returning to Ottawa, Carney has sent alarming signals to business and scared off badly needed capital investment, says Prof. Ian Lee","Economy, Full Comment, Mark Carney",Negative,,Biography/Opinion/Criticism/Personal Details,
https://nationalpost.com/opinion/conrad-black-a-mark-carney-win-would-be-a-disaster-for-canada,Canada,Right,nationalpost.com,4/12/2025,Conrad Black: A Mark Carney win would be a disaster for Canada,The Liberals reversed the Conservative lead in the polls by amplifying Justin's nonsense that President Trump is contemplating the takeover o...,The country would regret it,,Negative,,Biography/Opinion/Criticism/Personal Details,
https://nationalpost.com/opinion/satire-dear-diary-mark-carney,Canada,Right,nationalpost.com,2025-01-18,I didn't leave Canada. Canada left me': The imagined thoughts of Mark Carney,I didn't leave Canada. Canada left me': The imagined thoughts of Mark Carney 'I did n...,"My Canada is a Canada of blue-helmeted peacekeepers, of uncontroversial metrication, of people happy to pay a premium for milk'",Dear Diary,Negative,,Biography/Opinion/Criticism/Personal Details,
https://nationalpost.com/opinion/terry-glavin-mark-carney-owes-jagmeet-singh-a-massive-thank-you-for-ndp-implosion,Canada,Right,nationalpost.com,5/1/2025,Terry Glavin: Mark Carney owes Jagmeet Singh a massive thank you for NDP implosion,That would have been more than enough to trounce Mark Carney were it not for the defection of all those New Democrats to the Liberals. So that?...,Trump may not have been as big a factor in Liberal win as pundits suggests,,Neutral,,2025 Elections/Campaigning/Federal Parties,
https://nationalpost.com/opinion/chris-selley-the-great-unanswered-question-about-mark-carney-is-why,Canada,Right,nationalpost.com,2024-12-16,Chris Selley: The great unanswered question about Mark Carney is 'Why'?,Chris Selley: The great unanswered question about Mark Carney is 'Why'? Appointing an ...,"Appointing an unelected mandarin with a potential conflict of interest as finance minister seems risky, to say the least",,Negative,,Biography/Opinion/Criticism/Personal Details,
https://nationalpost.com/opinion/first-reading-as-mark-carney-takes-up-pm-advisor-job-his-company-solicits-ottawa-for-10-billion,Canada,Right,nationalpost.com,2024-09-19,"FIRST READING: As Mark Carney takes up PM advisor job, his company solicits Ottawa for $10 billion","FIRST READING: As Mark Carney takes up PM advisor job, his company solicits Ottawa for...","Although just appointed as an economic advisor to Trudeau, Carney is shielded from conventional ethics disclosures",,Neutral,,2025 Elections/Campaigning/Federal Parties,
https://nationalpost.com/news/politics/mark-carney-credit-card-fees,Canada,Right,nationalpost.com,2024-10-17,"Lower your fees, Mark Carney, businesses ask Liberal bigwig after his payments company hoards savings from merchants","Lower your fees, Mark Carney, businesses ask Liberal bigwig after his payments company...",Stripe said it would not be passing along the savings for small businesses that have gone into force because of increases in other fees,,Neutral,,Biography/Opinion/Criticism/Personal Details,
https://nationalpost.com/news/canada/mark-carney-liberal-leadership-top,Canada,Right,nationalpost.com,2025-01-24,Mark Carney says he's started at the top 'many' times before as he runs to become prime minister,Mark Carney says he's started at the top 'many' times before as he runs to becom...,The idea of becoming prime minister in weeks despite having never won an election does not seem to worry the former central banker.,,Neutral,,2025 Elections/Campaigning/Federal Parties,
https://nationalpost.com/news/canada/canada-unelected-prime-ministers,Canada,Right,nationalpost.com,3/9/2025,"The last time a Trudeau left office, Canada got an unelected prime minister. Will Mark Carney be next?","The last time a Trudeau left office, Canada got an unelected prime minister. Will Mark...","Should Mark Carney secure the Liberal leadership, he'll be the first unelected Prime Minister since John Turner in 1984.","John Turner, Liberal Leadership Race, Mackenzie King, Mark Carney, Sir John A. Macdonald",Neutral,,2025 Elections/Campaigning/Federal Parties,
https://nationalpost.com/news/jagmeet-singh-mark-carney-not-our-guy,Canada,Right,nationalpost.com,2025-03-23,He's not our guy': Jagmeet Singh says Mark Carney is not 'in it' for regular folks,He's not our guy': Jagmeet Singh says Mark Carney is not 'in it' for regular folks Si...,Singh also said picking between Carney and Poilievre is like having 'to pick between a house with a leaky roof or a cracked foundation.',"Federal Election 2025, Jagmeet Singh, Mark Carney, Pierre Poilievre",Negative,,Biography/Opinion/Criticism/Personal Details,
https://nationalpost.com/news/canada/mark-carney-sworn-in-prime-minister,Canada,Right,nationalpost.com,2025-03-14,Mark Carney to be sworn in as prime minister today along with new look cabinet,Carney and the new ministers will gather at 11 a.m. Friday morning at Rideau Ha...,Mark Carney will be sworn in as prime minister on Friday along with a new look cabinet.,,Neutral,,2025 Elections/Campaigning/Federal Parties,
https://nationalpost.com/news/politics/mark-carney-to-serve-as-chair-of-trudeaus-task-force-on-economic-growth,Canada,Right,nationalpost.com,9/9/2024,"Mark Carney to serve as chair of Trudeau's task force on economic growth, will issue report before next election","Mark Carney to serve as chair of Trudeau's task force on economic growth, will issue r...","The news came as the Liberal caucus is set to meet in Nanaimo, BC, where Carney will be speaking to MPs on the topic of growth and the economy.",,Neutral,,Canadian Domestic Governance/Economy/Industry,
https://nationalpost.com/opinion/sulky-mark-carney-not-what-we-need,Canada,Right,nationalpost.com,3/1/2025,Conrad Black: Sulky Mark Carney not what we need,Conrad Black: Sulky Mark Carney not what we need He wants to negotiate with Trump by i...,He wants to negotiate with Trump by insulting him,"Canada-US tariffs 2025, Donald Trump, Justin Trudeau, Mark Carney",Negative,,Biography/Opinion/Criticism/Personal Details,
https://nationalpost.com/opinion/carson-jerema-mark-carney-is-a-misinformation-machine,Canada,Right,nationalpost.com,2025-04-25,Carson Jerema: Mark Carney is a misinformation machine,"This approach has become something of a habit for the Liberal leader. When running for the party leadership, he tried to say he had nothing to ...",Can anyone keep up with the Liberal leader's false statements?,,Negative,,Biography/Opinion/Criticism/Personal Details,
https://nationalpost.com/opinion/jamie-sarkonak-mark-carney-has-no-plan-but-did-you-know-he-played-hockey,Canada,Right,nationalpost.com,2025-01-17,"Jamie Sarkonak: Mark Carney has no plan, but did you know he played hockey?","Jamie Sarkonak: Mark Carney has no plan, but did you know he played hockey? Does Canad...",Does Canada spend too much or not enough? Don't ask him,,Negative,,Biography/Opinion/Criticism/Personal Details,
https://nationalpost.com/opinion/pierre-poilievre-mark-carney-delivers-surrender,Canada,Right,nationalpost.com,9/3/2025,Pierre Poilievre: Mark Carney promised strength. He delivered surrender,And not one major nation-building project has been approved. Not one pipeline. Not one port. Not one energy corridor. Even after Conservatives ...,Six months on the job and the prime minister has proved he can't be trusted,,Negative,,Biography/Opinion/Criticism/Personal Details,
https://nationalpost.com/opinion/kelly-mcparland-carney-buries-trudeaus-feminist-foreign-policy,Canada,Right,nationalpost.com,2025-11-24,Kelly McParland: Carney buries Trudeau's 'feminist foreign policy',"He was speaking specifically of foreign affairs, but it's a point he's been trying to make, with limited success, since coming to power. As...",But a lot of the old prime minister's legacy persists,,Neutral,,Canadian Domestic Governance/Economy/Industry,
https://nationalpost.com/opinion/immigrants-denied-carney-his-majority,Canada,Right,nationalpost.com,5/5/2025,FIRST READING: Immigrants denied Carney his majority,"Ujjal Dosanjh is one of the only Canadians who might be able to empathize with what just happened to NDP Leader Jagmeet Singh. In 2000, Dosanjh...","New Canadians, just like young people, broke for the Tories","Canada-US tariffs 2025, Conservative Leader Pierre Poilievre, Federal Election 2025, Prime Minister Mark Carney",Neutral,,2025 Elections/Campaigning/Federal Parties,
https://nationalpost.com/opinion/mark-carney-fast-tracks-the-road-to-serfdom,Canada,Right,nationalpost.com,6/4/2025,Jesse Kline: Mark Carney fast tracks the road to serfdom,"Unless Carney is able to narrowly define the national interest as anything that's good for the Canadian economy ‚Äî a rising tide, after all,...","Carney seems to be falling into the classic Canadian trap, in which idealism and special interests stand in the way of progress","Danielle Smith, Doug Ford, First Ministers' Meeting, Mark Carney, pipelines, Scott Moe, Wab Kinew",Negative,,Biography/Opinion/Criticism/Personal Details,
https://nationalpost.com/opinion/terry-newman-carney-is-a-walking-conflict-of-interest,Canada,Right,nationalpost.com,2025-03-28,Terry Newman: Carney is a walking conflict of interest,Terry Newman: Carney is a walking conflict of interest He's already admitted potential...,"He's already admitted potential conflicts may exist, but has still chosen not to proactively disclose what they might be",Federal Election 2025,Negative,,Biography/Opinion/Criticism/Personal Details,
https://nationalpost.com/opinion/terry-newman-how-fast-will-carney-flee-if-he-loses-election,Canada,Right,nationalpost.com,3/10/2025,Terry Newman: How fast will Carney flee if he loses election?,Terry Newman: How fast will Carney flee if he loses election? He's exited awkwardly ...,He's exited awkwardly before,,Negative,,Biography/Opinion/Criticism/Personal Details,
https://nationalpost.com/opinion/amy-hamm-the-mark-carney-threat-to-free-speech,Canada,Right,nationalpost.com,5/9/2025,Amy Hamm: The Mark Carney threat to free speech,"And now, back to Carney last month: 'New online platforms have created new threats, including and perhaps especially for children‚Ä¶ And as m...",He talks about controlling 'online platforms' the same way Trudeau did,,Negative,,Biography/Opinion/Criticism/Personal Details,
https://nationalpost.com/opinion/terry-newman-wheres-the-crisis-carney,Canada,Right,nationalpost.com,2025-05-23,"Terry Newman: Where's the 'crisis,' Carney?","It was not that long ago, merely March, when Prime Minister Mark Carney, fresh off his Liberal party leadership win, began telling Canadians th...",The Trump annexation scare sure evaporated quickly,,Negative,,Biography/Opinion/Criticism/Personal Details,
https://nationalpost.com/opinion/ivison-rising-prices-hitting-trump-carney,Canada,Right,nationalpost.com,2025-11-17,John Ivison: Rising prices are hitting both Trump and Carney where it hurts,"The Carney government's other hope, besides waiting for the inevitable rise in prices, was to strike sectoral deals with the president on ste...",Trump has had to lower tariffs on groceries. The problem for Ottawa is that prices have risen even more quickly in Canada than in the U.S.,"Discover, Donald Trump, inflation, Mark Carney, Subscriber",Neutral,,Canada/US Relations,
https://nationalpost.com/opinion/np-view-mark-carney-needs-a-chainsaw-not-a-scalpel,Canada,Right,nationalpost.com,7/12/2025,"NP View: Mark Carney needs a chainsaw, not a scalpel","Although the situations faced by Carney and the '90s-era Liberals may be different in style, there are remarkable similarities in terms of su...",The best Liberal prime ministers are conservative,,Neutral,,Biography/Opinion/Criticism/Personal Details,
https://nationalpost.com/news/canada/carney-myers-canada-skit,Canada,Right,nationalpost.com,2025-03-24,"Carney releases another Mike Myers video, this time without a citizenship quiz","Carney releases another Mike Myers video, this time without a citizenship quiz Second ...",Canadian actor Mike Myers is featured in two campaign ads for Prime Minister and Liberal Party of Canada Leader Mark Carney.,"Canada-U.S. trade war, Discover, Federal Election 2025, Mark Carney, Mike Myers, Realtime",Neutral,,2025 Elections/Campaigning/Federal Parties,
https://nationalpost.com/opinion/carney-playing-fast-and-loose-with-ethical-standards,Canada,Right,nationalpost.com,2/7/2025,Michael Higgins: Emperor Carney acting like he's already in charge,Michael Higgins: Emperor Carney acting like he's already in charge Why is the Liberal ...,Why is the Liberal leadership hopeful advising cabinet ministers?,"conflict of interest, Ethics, Liberal Leadership Race, Mark Carney",Negative,,Biography/Opinion/Criticism/Personal Details,
https://nationalpost.com/opinion/terry-newman-carney-did-not-protect-canadians-from-the-2008-financial-crisis,Canada,Right,nationalpost.com,2025-02-24,Terry Newman: Carney did not protect Canadians from the 2008 financial crisis,Terry Newman: Carney did not protect Canadians from the 2008 financial crisis Banking ...,"Banking system was stable for decades, thanks to historical regulations",,Negative,,Biography/Opinion/Criticism/Personal Details,
https://nationalpost.com/opinion/selley-mark-carney-for-change-averse-canadians,Canada,Right,nationalpost.com,3/8/2025,Chris Selley: Mark Carney is the human snooze button change-averse Canadians yearn for,Chris Selley: Mark Carney is the human snooze button change-averse Canadians yearn for...,"Mainstream Canadian conservatism abhors change, even when change is desperately needed","Discover, Mark Carney, Pierre Poilievre",Negative,,Biography/Opinion/Criticism/Personal Details,
https://nationalpost.com/news/mark-carney-liberals-ethics-oversight,Canada,Right,nationalpost.com,10/9/2024,"Deceitful' Liberals dodging Carney ethics oversight with party appointment, Conservatives say","Deceitful' Liberals dodging Carney ethics oversight with party appointment, Conservat...","By reporting to the party, instead of the government, Carney will not have to face any scrutiny over his many roles in the private sector.",,Negative,,Canadian Domestic Governance/Economy/Industry,
https://www.ctvnews.ca/video/2025/11/28/mark-carney-is-a-masterclass-in-redefining-what-the-party-looks-like-analyst-on-liberal-caucus/,Canada,Center,ctvnews.ca,2025-11-28,Mark Carney is a masterclass in redefining what the party looks like': Analyst on Liberal caucus,"The Front Bench breaks down Liberal turmoil after Steven Guilbeault’s exit from cabinet, Carney’s climate shift and the impact it's having on caucus unity.",,,Positive,,2025 Elections/Campaigning/Federal Parties,
https://www.ctvnews.ca/video/2025/11/27/mp-steven-guilbeault-resigns-from-pm-mark-carneys-cabinet-following-pipeline-deal/,Canada,Center,ctvnews.ca,2025-11-27,MP Steven Guilbeault resigns from PM Mark Carney’s cabinet following pipeline deal,MP Steven Guilbeault resigned from Prime Minister Mark Carney's cabinet on Thursday due to his strong opposition to Ottawa's approval of an Alberta pipeline.,,,Negative,,Canadian Domestic Governance/Economy/Industry,
https://www.ctvnews.ca/calgary/video/2025/11/27/extended-pm-mark-carney-addresses-calgary-business-leaders/,Canada,Center,ctvnews.ca,2025-11-27,Extended: PM Mark Carney addresses Calgary business leaders,"After signing a new memorandum of understanding, PM Mark Carney speaks to the Calgary Chamber of Commerce",,,Neutral,,Canadian Domestic Governance/Economy/Industry,
https://www.ctvnews.ca/video/2025/11/27/mark-carney-is-prepared-to-take-a-different-approach-and-were-pleased-to-see-that-danielle-smith/,Canada,Center,ctvnews.ca,2025-11-27,Mark Carney is prepared to take a different approach and we're pleased to see that': Danielle Smith,"Danielle Smith, Premier of Alberta, joins BNN Bloomberg to discuss the new oil pipeline agreement signed with Prime Minister Mark Carney as Alberta gets pause on some environmental policies.",,,Neutral,,Canadian Domestic Governance/Economy/Industry,
https://www.ctvnews.ca/calgary/video/2025/11/27/mark-carney-in-calgary-for-energy-announcement/,Canada,Center,ctvnews.ca,2025-11-27,Mark Carney in Calgary for energy announcement,Prime Minister Mark Carney will sign a memorandum of understanding with Premier Danielle Smith on Thursday.,,,Neutral,,Canadian Domestic Governance/Economy/Industry,
https://www.ctvnews.ca/video/2025/11/26/has-pm-mark-carneys-government-explained-its-economic-plans-well-enough-to-canadians/,Canada,Center,ctvnews.ca,2025-11-26,Has PM Mark Carney's government explained its economic plans well enough to Canadians?,The Front Bench panel talks about if the government has explained the efforts to create a 'new economic normal for Canada' well enough to Canadians.,,,Neutral,,Canadian Domestic Governance/Economy/Industry,
https://www.ctvnews.ca/video/2025/11/26/ctv-national-news-pm-mark-carney-offers-a-lifeline-to-steel-and-lumber-sectors-amid-trumps-tariffs/,Canada,Center,ctvnews.ca,2025-11-26,CTV National News: PM Mark Carney offers a lifeline to steel and lumber sectors amid Trump's tariffs,Ottawa unveils new support for Canadian steel producers facing heavy U.S. tariffs with 50 per cent import duties. Judy Trinh reports.,,,Neutral,,Canada/US Relations,
https://www.ctvnews.ca/politics/article/carney-smith-lay-framework-for-new-pipeline-plan-follow-live-updates-here/,Canada,Center,ctvnews.ca,2025-11-27,"Praise, discontent, resignations follow Carney-Smith agreement on future pipeline","Prime Minister Mark Carney has signed a major energy agreement with Alberta Premier Danielle Smith, laying the conditions for a new oil pipeline to be approved under the federal major projects law.",,,Neutral,,Canadian Domestic Governance/Economy/Industry,
https://www.ctvnews.ca/politics/article/guilbeault-resigns-from-cabinet-over-carneys-energy-deal-with-alberta/,Canada,Center,ctvnews.ca,2025-11-27,Guilbeault resigns from cabinet over Carney’s energy deal with Alberta,MP Steven Guilbeault resigned from Prime Minister Mark Carney's cabinet on Thursday due to his strong opposition to Ottawa's approval of an Alberta pipeline.,"Steven Guilbeault has resigned from the prime minister’s cabinet, citing his strong opposition to the federal Liberal government’s major new energy agreement with Alberta, accusing Mark Carney of dismantling of climate plans.",,Negative,,2025 Elections/Campaigning/Federal Parties,
https://www.ctvnews.ca/politics/article/carney-signs-major-energy-agreement-with-alberta-laying-out-conditions-for-new-oil-pipeline/,Canada,Center,ctvnews.ca,2025-11-27,"Carney signs major energy agreement with Alberta, laying out conditions for new oil pipeline","Prime Minister Mark Carney and Alberta Premier Danielle Smith signed a major new energy co-operation agreement on Thursday, outlining the conditions that need to be met for a new oil pipeline to the Pacific to proceed.",,,Neutral,,Canadian Domestic Governance/Economy/Industry,
https://www.ctvnews.ca/video/2025/11/23/pm-mark-carney-continues-pragmatic-relationship-for-an-india-canada-trade-deal/,Canada,Center,ctvnews.ca,2025-11-23,PM Mark Carney continues ‘pragmatic’ relationship for an India-Canada trade deal,Political commentator Tom Mulcair says that PM Mark Carney is taking a different approach to a partnership with India than former PM Justin Trudeau.,,,Positive,,International Relations & Diplomacy,
https://www.ctvnews.ca/politics/article/carney-announces-new-support-for-steel-and-lumber-industries-but-nothing-for-aluminum/,Canada,Center,ctvnews.ca,2025-11-26,"Carney announces new supports for Canada’s lumber, steel sectors","Amid the ongoing trade war with the United States, Prime Minister Mark Carney has announced a slate of new measures to help and protect the steel and lumber industries.",,,Neutral,,Canada/US Relations,
https://www.ctvnews.ca/canada/newfoundland-and-labrador/article/carney-meets-with-new-newfoundland-and-labrador-premier-on-ambitious-agenda/,Canada,Center,ctvnews.ca,2025-11-26,Carney meets with new Newfoundland and Labrador premier on ‘ambitious agenda’,"Prime Minister Mark Carney smiles as he listens to Newfoundland and Labrador Premier Tony Wakeham driver some opening remarks at the start of a meeting on Parliament Hill in Ottawa, Wednesday, Nov. 26, 2025.",,,Neutral,,Canadian Domestic Governance/Economy/Industry,
https://www.ctvnews.ca/montreal/article/mps-swipe-at-carneys-claim-that-canada-has-no-feminist-foreign-policy/,Canada,Center,ctvnews.ca,2025-11-24,MPs swipe at Carney’s claim that Canada has no feminist foreign policy,"Prime Minister Mark Carney’s claim that Canada does not have a “feminist foreign policy” spilled into the political arena Monday, drawing both criticism and praise.",,,Negative,,Canadian Domestic Governance/Economy/Industry,
https://www.ctvnews.ca/politics/article/hodgson-says-ottawa-is-close-to-providing-clarity-on-bc-tanker-ban/,Canada,Center,ctvnews.ca,2025-11-25,Carney says B.C. ‘has to agree’ on pipeline plan from Alberta,"British Columbia “has to agree” on any pipeline from Alberta to the Pacific coast, Prime Minister Mark Carney said Tuesday, as his government edges closer to unveiling the details of a new energy pact it has been negotiating with Alberta",,,Negative,,Canadian Domestic Governance/Economy/Industry,
https://www.ctvnews.ca/politics/article/carney-says-his-comment-about-speaking-with-trump-was-a-poor-choice-of-words/,Canada,Center,ctvnews.ca,2025-11-25,Carney says his comment about speaking with Trump was a ‘poor choice of words’,"Prime Minister Mark Carney says it was 'a poor choice of words' to reply to a question on the state of trade talks with the U.S. by saying, 'who cares?'",Prime Minister Mark Carney said Tuesday his recent reply to a question about the state of trade talks with the U.S. — “Who cares?” — amounted to “a poor choice of words.”,,Neutral,,Canada/US Relations,
https://www.ctvnews.ca/vancouver/video/2025/11/21/pm-mark-carney-signs-new-trade-pact-with-uae/,Canada,Center,ctvnews.ca,2025-11-21,PM Mark Carney signs new trade pact with UAE,SFU's Nicolas Schmitt joins CTV Your Morning Vancouver to speak about the latest trade pact signed between Canada and the UAE.,,,Neutral,,International Relations & Diplomacy,
https://www.ctvnews.ca/sports/article/prime-minister-mark-carney-met-with-cheers-and-boos-at-112th-grey-cup-game/,Canada,Center,ctvnews.ca,2025-11-16,Prime Minister Mark Carney met with cheers and boos at 112th Grey Cup game,Prime Minister Mark Carney met with cheers and boos as he performed the coin toss to kick off the 2025 Grey Cup in Winnipeg.,Prime Minister Mark Carney was on hand in Winnipeg for the 112th Grey Cup game between the Saskatchewan Roughriders and Montreal Alouettes.,,Neutral,,Culture/Social life/Events/Sports,
https://www.ctvnews.ca/politics/article/he-should-care-conservatives-slam-carney-on-trump-comments/,Canada,Center,ctvnews.ca,2025-11-24,‘He should care’: Conservatives slam Carney on Trump comments,Conservative MPs slammed Prime Minister Mark Carney Monday over dismissive comments he made recently when asked about stalled trade talks with U.S. President Donald Trump.,,,Negative,,Canada/US Relations,
https://www.ctvnews.ca/politics/article/eby-tells-carney-it-was-unacceptable-for-bc-to-be-excluded-in-proposed-pipeline-talks/,Canada,Center,ctvnews.ca,2025-11-24,Eby tells Carney it was ‘unacceptable’ for B.C. to be excluded in proposed pipeline talks,Annie Bergeron-Oliver reports on a potential deal between Ottawa and Alberta that could permit a new pipeline and how B.C. could throw a wrench into the plans.,"B.C. Premier David Eby says he wants any potential energy deal between Alberta and the federal government to include a cap, or potentially a ban, on the use of taxpayers’ dollars to build a pipeline.",,Neutral,,Canadian Domestic Governance/Economy/Industry,
https://www.ctvnews.ca/politics/article/trade-war-update-carneys-liberals-to-announce-steel-lumber-protections-sources-say/,Canada,Center,ctvnews.ca,2025-11-25,"Trade war update: Carney’s Liberals to announce steel, lumber protections, sources say",Help is on the way for Canadian steel producers and those in softwood lumber affected by the ongoing trade dispute with the United States.,,,Neutral,,Canada/US Relations,
https://www.ctvnews.ca/video/2025/11/20/ctv-national-news-pm-mark-carney-arrives-in-uae-ahead-of-g20-for-key-trade-talks/,Canada,Center,ctvnews.ca,2025-11-19,CTV National News: PM Mark Carney arrives in UAE ahead of G20 for key trade talks,"Prime Minister Mark Carney lands in the UAE before the G20 Summit, aiming to advance trade discussions and diversify Canada’s economy.",,,Neutral,,International Relations & Diplomacy,
https://www.ctvnews.ca/politics/article/carney-views-india-as-a-reliable-trading-partner-launches-talks-towards-new-deal-official/,Canada,Center,ctvnews.ca,2025-11-23,Carney says Canada and India can be ‘reliable trading partners’,The prime ministers of Canada and India have agreed to launch negotiations towards a new Comprehensive Economic Partnership Agreement (CEPA).,,,Neutral,,International Relations & Diplomacy,
https://www.ctvnews.ca/video/2025/11/19/pm-mark-carney-heading-to-uae-south-africa-after-latest-major-projects-approval/,Canada,Center,ctvnews.ca,2025-11-19,"PM Mark Carney heading to UAE, South Africa after latest major projects approval",Conservative strategist Mitch Heimpel says the trips are meant to build both trade and diplomatic partnerships to help fund the new major projects.,,,Neutral,,International Relations & Diplomacy,
https://www.ctvnews.ca/politics/article/carney-considering-trip-to-washington-after-dismissing-question-about-his-last-contact-with-trump/,Canada,Center,ctvnews.ca,2025-11-24,Carney considering trip to Washington after dismissing question about his last contact with Trump,The Front Bench analyzes PM Mark Carney saying he is ‘considering’ a trip to D.C. and if he appeared dismissive of questions pertaining to Canada-U.S. talks.,"Less than 48 hours after Prime Minister Mark Carney dismissed a question about when he had last spoken with U.S. President Donald Trump, a federal government source has confirmed to CTV News that he is considering a trip to Washington next week.",,Neutral,,Canada/US Relations,
https://www.ctvnews.ca/canada/newfoundland-and-labrador/article/newfoundland-is-back-in-the-oil-business-new-premier-vows-ahead-of-carney-meeting/,Canada,Center,ctvnews.ca,2025-11-24,"Newfoundland is ‘back in the oil business,’ new premier vows ahead of Carney meeting",Newfoundland and Labrador Premier Tony Wakeham says he is heading to Ottawa later today with demands for Prime Minister Mark Carney.,,,Neutral,,Canadian Domestic Governance/Economy/Industry,
https://www.ctvnews.ca/montreal/article/carney-and-legault-inaugurate-the-rem-station-in-deux-montagnes/,Canada,Center,ctvnews.ca,2025-11-14,Mark Carney attends launch of new branch of Montreal-area light rail network,"The northwest branch of a light rail project in the Montreal area was officially inaugurated on Friday, with Canada’s prime minister and other dignitaries along for the first ride.",,,Neutral,,Culture/Social life/Events/Sports,
https://www.ctvnews.ca/montreal/article/carney-says-canada-upholding-values-but-drops-talk-of-feminist-foreign-policy/,Canada,Center,ctvnews.ca,2025-11-23,Carney says Canada upholding values but drops talk of ‘feminist foreign policy’,"Prime Minister Mark Carney says Canada no longer has a feminist foreign policy, but still wants to uphold values on the world stage that include LGBTQ+ rights and combating violence against women.",,,Positive,,Canadian Domestic Governance/Economy/Industry,
https://www.ctvnews.ca/politics/article/carney-no-burning-issue-to-bring-up-with-trump/,Canada,Center,ctvnews.ca,2025-11-23,Carney: No ‘burning issue’ to bring up with Trump,"Prime Minister Mark Carney is in no hurry to resume trade talks with U.S. President Donald Trump but will speak again with the president “when it’s appropriate,” Carney said on Sunday.",,,Neutral,,Canada/US Relations,
https://www.ctvnews.ca/winnipeg/article/manitoba-premier-kinew-asks-pm-carney-for-sentencing-parole-overhaul/,Canada,Center,ctvnews.ca,2025-11-25,"Manitoba Premier Kinew asks PM Carney for sentencing, parole overhaul",Manitoba Premier Wab Kinew has written a letter to Prime Minister Mark Carney asking for stiffer sentences after the statutory release of Shawn Lamb.,"Manitoba Premier Wab Kinew has asked the prime minister for stiffer sentences for repeat or serial killers, citing the recent release of one killer that Kinew says “disgusts” him.",,Neutral,,Canadian Domestic Governance/Economy/Industry,
https://www.ctvnews.ca/politics/article/carney-wraps-united-arab-emirates-visit-with-pledge-of-70b-to-be-invested-in-canada/,Canada,Center,ctvnews.ca,2025-11-21,Carney wraps United Arab Emirates visit with pledge of $70B to be invested in Canada,"Prime Minister Mark Carney says Ottawa is working on a $1-billion project aimed at expanding critical minerals processing capacity in Canada, while securing the equivalent of $70 billion in investment from the United Arab Emirates.",,,Neutral,,International Relations & Diplomacy,
https://www.ctvnews.ca/business/article/carney-in-south-africa-as-concerns-grow-over-us-boycott-of-g20/,Canada,Center,ctvnews.ca,2025-11-21,Carney in South Africa as concerns grow over U.S. boycott of G20,Prime Minister Mark Carney is in South Africa for a G20 summit overshadowed by a U.S. boycott — and as critics of Canada’s Africa strategy closely watch Carney’s first trip to the region as prime minister.,,,Neutral,,International Relations & Diplomacy,
https://www.ctvnews.ca/video/2025/11/13/pm-mark-carney-reiterates-desire-for-canada-to-become-an-energy-superpower/,Canada,Center,ctvnews.ca,2025-11-13,PM Mark Carney reiterates desire for Canada to become an ‘energy superpower’,Prime Minister Mark Carney confirms that Canada will focus on building liquified natural gas pipelines to become a global ‘energy superpower’.,,,Neutral,,Canadian Domestic Governance/Economy/Industry,industry
https://www.ctvnews.ca/toronto/video/2025/11/13/prime-minster-mark-carney-outlines-initiatives-in-second-wave-of-major-projects/,Canada,Center,ctvnews.ca,2025-11-13,Prime Minster Mark Carney outlines initiatives in second wave of major projects,"Prime Minister Mark Carney says the major projects will include new mining projects, hydroelectric plants, pipelines and more.",,,Neutral,,Canadian Domestic Governance/Economy/Industry,industry
https://www.ctvnews.ca/politics/article/carney-signs-uae-investment-pact-launches-trade-talks-during-abu-dhabi-visit/,Canada,Center,ctvnews.ca,2025-11-20,"Carney signs UAE investment pact, launches trade talks during Abu Dhabi visit",Prime Minister Mark Carney signed an investment-protection agreement Thursday with the United Arab Emirates during a visit to Abu Dhabi that has involved limited media access as concerns grow the country is fuelling ethnic violence in Sudan.,,,Neutral,,International Relations & Diplomacy,
https://www.ctvnews.ca/politics/article/carney-to-sign-investment-agreement-launch-talks-towards-new-trade-pact-with-uae-official/,Canada,Center,ctvnews.ca,2025-11-19,"Carney to sign investment agreement, launch Canada-United Arab Emirates trade talks: official","Prime Minister Mark Carney intends to sign a long-negotiated investment agreement, as well as begin launching talks towards a new Canada-United Arab Emirates trade pact while in the Gulf nation, according to a senior government official.",,,Neutral,,International Relations & Diplomacy,
https://www.ctvnews.ca/toronto/sports/article/prime-minister-mark-carney-says-lesson-for-canada-in-toronto-blue-jays-world-series-bid/,Canada,Center,ctvnews.ca,2025-11-01,Prime Minister Mark Carney says lesson for Canada in Toronto Blue Jays’ World Series bid,Prime Minister Mark Carney says there’s a lesson for Canada in the Toronto Blue Jays’ bid for a World Series title against the Los Angeles Dodgers.,,,Neutral,,Culture/Social life/Events/Sports,
https://www.ctvnews.ca/politics/article/aiming-to-attract-capital-to-canada-carney-departing-for-two-of-worlds-largest-emerging-markets/,Canada,Center,ctvnews.ca,2025-11-18,"Aiming to attract capital to Canada, Carney departing for two of world’s largest emerging markets","Prime Minister Mark Carney is departing for a nearly week-long trip to the United Arab Emirates and South Africa on Tuesday evening and is aiming to return with deeper diplomatic ties, as well as new trade and investment agreements.",,,Neutral,,International Relations & Diplomacy,
https://www.ctvnews.ca/politics/article/mark-carneys-first-budget-plots-a-sharp-departure-from-past-fiscal-plans/,Canada,Center,ctvnews.ca,2025-11-02,Mark Carney’s first budget plots a sharp departure from past fiscal plans,Prime Minister Mark Carney’s government is getting ready to table its first budget this week -- one that will be markedly different from budgets of the past.,,,Negative,,Canadian Domestic Governance/Economy/Industry,
https://www.ctvnews.ca/toronto/video/2025/11/07/pm-mark-carneys-budget-passes-first-two-votes-likely-to-pass-the-third/,Canada,Center,ctvnews.ca,2025-11-07,"PM Mark Carney’s budget passes first two votes, likely to pass the third",CTV political commentator Scott Reid says there would be 'indications' in Parliament if the budget were unlikely to pass its third and final vote.,,,Neutral,,Canadian Domestic Governance/Economy/Industry,
https://www.ctvnews.ca/politics/article/carney-announces-next-of-nation-building-projects-a-look-at-what-made-the-list/,Canada,Center,ctvnews.ca,2025-11-13,Carney announces next of nation-building projects: A look at what made the list,"Three critical mineral extraction projects, a nickel mine in Ontario and a transmission line on the northern B.C. coast are among the new initiatives added to the growing list of projects referred to the Major Projects Office.",,,Neutral,,Canadian Domestic Governance/Economy/Industry,
https://www.ctvnews.ca/politics/article/carney-says-canada-and-china-at-turning-point-in-relationship-after-8-years-without-official-meetings-between-leaders/,Canada,Center,ctvnews.ca,2025-10-31,Carney: Canada’s relationship with China at a ‘turning point’,Prime Minister Mark Carney said Canada’s relationship with China is at a “turning point” following his meeting with Chinese President Xi Jinping.,Prime Minister Mark Carney said Canada’s relationship with China is at a “turning point” following his meeting with Chinese President Xi Jinping.,,Neutral,,International Relations & Diplomacy,
https://www.ctvnews.ca/video/2025/10/31/pm-mark-carney-looking-to-bolster-trade-relationship-with-china-amid-us-trade-war-journalist/,Canada,Center,ctvnews.ca,2025-10-30,PM Mark Carney looking to ‘bolster’ trade relationship with China amid U.S. trade war: journalist,Journalist and political commentator Deirdre Mitchell-MacLean says PM Mark Carney’s visit with Chinese President Xi Jinping could also impact U.S. relations.,,,Neutral,,International Relations & Diplomacy,
https://www.ctvnews.ca/video/2025/10/30/pm-mark-carney-meeting-with-chinese-president-xi-jinping-on-tariffs-evs/,Canada,Center,ctvnews.ca,2025-10-30,"PM Mark Carney meeting with Chinese President Xi Jinping on tariffs, EVs","Margaret McCuaid-Johnston, a senior fellow at the University of Ottawa, says Canada must be ‘cautious’ in negotiating tariffs with China.",,,Neutral,,International Relations & Diplomacy,
https://www.ctvnews.ca/politics/article/whats-at-stake-for-fridays-meeting-between-carney-and-chinas-xi/,Canada,Center,ctvnews.ca,2025-10-30,What’s at stake for Friday’s meeting between Carney and China’s Xi?,"In what will be a high stakes meeting on Friday, Prime Minister Mark Carney and Chinese President Xi Jinping will sit down across from each other to recalibrate a relationship between their countries at a time when the United States has pushed Canada to the sidelines in trade negotiations.","In what will be a high stakes meeting on Friday, Prime Minister Mark Carney and Chinese President Xi Jinping will sit down across from each other to recalibrate a relationship between their countries at a time when the United States has pushed Canada to the sidelines in trade negotiations.",,Neutral,,International Relations & Diplomacy,
https://www.ctvnews.ca/politics/article/federal-officials-are-not-sure-when-immigration-levels-plan-is-coming/,Canada,Center,ctvnews.ca,2025-10-29,Federal officials are not sure when immigration levels plan is coming,OTTAWA —Immigration department officials do not know if Prime Minister Mark Carney’s promise to include Canada’s new immigration plan in the federal budget next week will be the full scope of the annual targets for newcomers to Canada.,"While Prime Minister Mark Carney has said Canada’s “new immigration plan” will be in the federal budget next week, immigration department officials don’t know if that includes the annual levels plan outlining how many newcomers Ottawa intends to admit for the next year.",,Neutral,,Canadian Domestic Governance/Economy/Industry,
https://www.ctvnews.ca/politics/article/carney-trump-attend-dinner-hosted-by-south-korean-president/,Canada,Center,ctvnews.ca,2025-10-29,"Carney, Trump attend dinner hosted by South Korean president",Prime Minister Mark Carney and U.S. President Donald Trump pointed and smiled at one another as they sat down to dinner together in South Korea on Wednesday — their first in-person interaction since Trump abruptly ended trade talks last week.,"Prime Minister Mark Carney and U.S. President Donald Trump pointed and smiled at one another as they sat down to dinner together in South Korea on Wednesday, their first in-person interaction since Trump abruptly ended trade talks last week.",,Neutral,,Canada/US Relations,
https://www.ctvnews.ca/climate-and-environment/article/industrial-carbon-price-a-focus-of-carneys-climate-strategy-consultations-sources/,Canada,Center,ctvnews.ca,2025-10-28,Industrial carbon price a focus of Carney’s climate strategy consultations: sources,OTTAWA — Environment advocates say the federal government’s consultations ahead of the release of its climate competitiveness strategy next week have focused in part on making industrial carbon pricing a cornerstone of the new plan.,Environment advocates say the federal government’s consultations ahead of the release of its climate competitiveness strategy next week have focused in part on making industrial carbon pricing a cornerstone of the new plan.,,Neutral,,Canadian Domestic Governance/Economy/Industry,
https://www.ctvnews.ca/politics/article/canadian-defence-companies-cautiously-optimistic-about-budget-2025/,Canada,Center,ctvnews.ca,2025-10-28,Canadian defence companies cautiously optimistic about Budget 2025 By Annie Bergeron-Oliver,The prime minister’s pledge to prioritize a “Buy Canadian” policy has companies in the defence and national security sectors cautiously optimistic about the upcoming budget.,"The prime minister’s pledge to prioritize a 'Buy Canadian' policy has companies in the defence and national security sectors cautiously optimistic about the upcoming budget. Speaking at the University of Ottawa last Tuesday, Prime Minister Mark Carney promised 'generational investments for key sectors, including defence.",,Neutral,,Canadian Domestic Governance/Economy/Industry,
https://www.ctvnews.ca/politics/article/prime-minister-carneys-visit-to-singapore-focuses-on-attracting-investment-in-canada/,Canada,Center,ctvnews.ca,2025-10-28,Prime Minister Carney’s visit to Singapore focuses on attracting investment in Canada,"SINGAPORE — Prime Minister Mark Carney travelled to Singapore on Tuesday, as his first official visit to Asia enters its second leg.","Prime Minister Mark Carney travelled to Singapore on Tuesday, as his first official visit to Asia enters its second leg.",,Neutral,,International Relations & Diplomacy,
https://www.ctvnews.ca/politics/article/advocates-call-on-carney-to-keep-his-promise-to-not-cut-foreign-aid-in-budget/,Canada,Center,ctvnews.ca,2025-10-28,Advocates call on Carney to keep his promise to not cut foreign aid in budget,"OTTAWA -- With Mark Carney’s first ever federal budget just over a week away, international development advocates are calling on the prime minister to keep his pre-election pledge to uphold foreign aid funding.","With Mark Carney’s first ever federal budget just over a week away, international development advocates are calling on the prime minister to keep his pre-election pledge to uphold foreign aid funding.",,Neutral,,Canadian Domestic Governance/Economy/Industry,
https://www.ctvnews.ca/politics/article/carney-says-trade-talks-with-us-had-been-making-progress-until-ontario-anti-tariff-ad/,Canada,Center,ctvnews.ca,2025-10-28,Carney says trade talks with U.S. ‘had been making progress’ until Ontario anti-tariff ad,Prime Minister Mark Carney says trade talks with the U.S. “had been making progress” on affected sectors like steel and aluminum until President Donald Trump suddenly ended negotiations with Canada over Ontario’s anti-tariff ad.,Prime Minister Mark Carney says trade talks with the U.S. “had been making progress” until U.S. President Donald Trump suddenly ended negotiations with Canada over Ontario’s anti-tariff ad.,,Neutral,,Canada/US Relations,
https://www.ctvnews.ca/politics/article/prime-minister-mark-carney-says-he-plans-to-meet-with-chinese-leader-at-apec/,Canada,Center,ctvnews.ca,2025-10-27,Prime Minister Mark Carney says he plans to meet with Chinese leader at APEC,KUALA LUMPUR -- Prime Minister Mark Carney plans to meet with Chinese President Xi Jinping while the pair are at the Asia Pacific Economic Cooperation forum later this week in South Korea.,Prime Minister Mark Carney plans to meet with Chinese President Xi Jinping while the pair are at the Asia Pacific Economic Cooperation forum later this week in South Korea.,,Neutral,,International Relations & Diplomacy,
https://www.ctvnews.ca/toronto/video/2025/10/26/prime-minister-mark-carney-president-donald-trump-both-in-asia-seeking-trade-negotiations/,Canada,Center,ctvnews.ca,2025-10-27,"Prime Minister Mark Carney, President Donald Trump both in Asia seeking trade negotiations",,CTV News’ U.S. political analyst Eric Ham speaks to CP24 about the trip and President Trump’s most recent calls to increase tariffs on Canada by 10 per cent.,,Neutral,,Canada/US Relations,
https://www.ctvnews.ca/video/2025/10/26/conservative-leader-pierre-poilievre-releases-ad-blames-pm-mark-carney-for-lack-of-canada-us-deal/,Canada,Center,ctvnews.ca,2025-10-26,"Conservative Leader Pierre Poilievre releases ad, blames PM Mark Carney for lack of Canada-U.S. deal","Political commentator Scott Reid weighs in on the new ad from Poilievre, Premier Doug Ford’s anti-tariff ad, and PM Mark Carney’s Asia address.","Political commentator Scott Reid weighs in on the new ad from Poilievre, Premier Doug Ford’s anti-tariff ad, and PM Mark Carney’s Asia address.",,Negative,,2025 Elections/Campaigning/Federal Parties,
https://www.ctvnews.ca/canada/article/carney-tells-asean-summit-canada-respects-trade-rules-as-trump-threatens-new-tariffs/,Canada,Center,ctvnews.ca,2025-10-26,"Carney tells ASEAN summit Canada respects trade rules, as Trump threatens new tariffs","KUALA LUMPUR — Prime Minister Mark Carney took a veiled shot at the Trump administration’s trade policy on Sunday, highlighting Canada’s reliability and steadiness without naming the United States or calling out the president directly.","Prime Minister Mark Carney took a veiled shot at the Trump administration’s trade policy on Sunday, highlighting Canada’s reliability and steadiness without naming the United States or calling out the president directly.",,Neutral,,International Relations & Diplomacy,
https://www.ctvnews.ca/canada/article/trump-did-not-give-carney-advance-notice-about-tariff-hike-official-says/,Canada,Center,ctvnews.ca,2025-10-26,"Trump did not give Carney advance notice about tariff hike, official says",A senior government official says Prime Minister Mark Carney was not given advance notice by U.S. President Donald Trump when he announced an additional 10 per cent tariff on Canada.,A senior government official says Prime Minister Mark Carney was not given advance notice by U.S. President Donald Trump when he announced an additional 10 per cent tariff on Canada.,,Neutral,,Canada/US Relations,
https://www.ctvnews.ca/politics/article/carney-aims-to-sell-canada-as-reliable-partner-for-trade-in-southeast-asia/,Canada,Center,ctvnews.ca,2025-10-25,Carney aims to sell Canada as reliable partner for trade in Southeast Asia,"Prime Minister Mark Carney is pitching Canada as a reliable partner for Southeast Asia, one that’s committed to rules-based trade at a time when U.S. President Donald Trump is rewriting global trade norms.","Prime Minister Mark Carney is pitching Canada as a reliable partner for Southeast Asia, one that’s committed to rules-based trade at a time when U.S. President Donald Trump is rewriting global trade norms.",,Neutral,,International Relations & Diplomacy,
https://www.ctvnews.ca/business/article/walking-a-fine-line-economists-caution-canada-on-commitment-to-defence-sector/,Canada,Center,ctvnews.ca,2025-10-25,Walking a fine line: Economists caution Canada on commitment to defence sector,"Prime Minister Mark Carney’s promise to boost defence could deliver massive profit gains for companies but the big question is, where will the money come from?",Prime Minister Mark Carney’s promise to boost defence could deliver massive profit gains for companies but where will the money come from?,,Negative,,Biography/Opinion/Criticism/Personal Details,
https://www.ctvnews.ca/world/trumps-tariffs/article/carney-trump-havent-spoke-since-us-scrapped-trade-talks-with-canada-sources/,Canada,Center,ctvnews.ca,2025-10-25,"Carney, Trump haven’t spoken since U.S. scrapped trade talks with Canada: sources",Trade tensions between Canada and the U.S. erupted after President Donald Trump abruptly called off negotiations because of an Ontario anti-tariff ad campaign.,Trade tensions between Canada and the U.S. have erupted after President Donald Trump abruptly called off negotiations because of an Ontario anti-tariff ad campaign. Here's what happened throughout the day.,,Neutral,,Canada/US Relations,
https://www.ctvnews.ca/world/trumps-tariffs/article/carney-is-going-where-the-puck-is-going-to-be-in-first-trip-to-asia-as-pm/,Canada,Center,ctvnews.ca,2025-10-24,Carney is going ‘where the puck is going to be’ in first trip to Asia as PM,"In his first trip to Asia as prime minister, Mark Carney will face more pressure to expand trade in the region as U.S President Donald Trump declared Thursday night that he was terminating trade negotiations with Canada. Trump’s announcement torpedoes the possibility that the White House was open to reducing some sectoral tariffs.","In his first trip to Asia as PPM, Mark Carney will face more pressure to expand trade in the region as U.S President Donald Trump declared Thursday night that he was terminating trade negotiations with Canada.",,Neutral,,International Relations & Diplomacy,
https://www.ctvnews.ca/toronto/article/carney-visits-blue-jays-on-eve-of-world-series-game-1-says-trump-afraid-to-make-a-bet/,Canada,Center,ctvnews.ca,2025-10-24,"Carney visits Blue Jays on eve of World Series Game 1, says Trump ‘afraid to make a bet’",Prime Minister Mark Carney says U.S. President Donald Trump hasn’t called him about the upcoming World Series between the Toronto Blue Jays and the Los Angeles Dodgers.,"Premier Doug Ford and Prime Minister Mark Carney say they are on the same page when it comes to many issues concerning the country and province, including how many games it will take the Blue Jays to defeat the Dodgers in the World Series.",,Neutral,,Culture/Social life/Events/Sports,
https://www.ctvnews.ca/video/2025/10/23/ctv-national-news-can-canadians-expect-tariff-relief-from-mark-carneys-asia-trip/,Canada,Center,ctvnews.ca,2025-10-24,CTV National News: Can Canadians expect tariff relief from Mark Carney’s Asia trip?,"PM Mark Carney heads to Malaysia, Singapore and South Korea next week to explore trade diversification. Judy Trinh reports.","PM Mark Carney heads to Malaysia, Singapore and South Korea next week to explore trade diversification. Judy Trinh reports.",,Neutral,,International Relations & Diplomacy,
https://www.ctvnews.ca/business/article/canada-will-not-allow-unfair-us-access-to-markets-if-trade-talks-fail-says-carney/,Canada,Center,ctvnews.ca,2025-10-23,"Canada will not allow unfair U.S. access to markets if trade talks fail, says Carney","OTTAWA — Canada will not allow unfair U.S. access to its markets if talks on various trade deals with Washington ultimately fail, Prime Minister Mark Carney told reporters on Thursday.",,,Neutral,,Canada/US Relations,
https://www.ctvnews.ca/politics/article/carney-says-ports-minerals-key-to-his-plan-to-double-non-us-exports/,Canada,Center,ctvnews.ca,2025-10-23,"Carney says ports, minerals key to his plan to double non-U.S. exports","OTTAWA — Building up port infrastructure and exporting more resources like the critical minerals in Ontario’s Ring of Fire are key parts of Ottawa’s plans to double non-U.S. exports, Prime Minister Mark Carney said Thursday.","Prime Minister Mark Carney says building up port infrastructure and exporting more resources, such as critical minerals from Ontario’s Ring of Fire, are the keys to his plan to boost Canada’s non-U.S. exports.",,Neutral,,Canada/US Relations,
https://www.ctvnews.ca/video/2025/10/23/pm-mark-carneys-speech-in-ottawa-was-a-missed-opportunity-to-rally-canadians/,Canada,Center,ctvnews.ca,2025-10-23,PM Mark Carney’s speech in Ottawa was ‘a missed opportunity to rally Canadians’,"David McLaughlin, the former chief of staff to PM Brian Mulroney, says Carney’s speech in Ottawa ‘didn’t spell out’ what changes are coming.","David McLaughlin, the former chief of staff to PM Brian Mulroney, says Carney’s speech in Ottawa ‘didn’t spell out’ what changes are coming.",,Negative,,Biography/Opinion/Criticism/Personal Details,
https://www.ctvnews.ca/toronto/politics/queens-park/article/carney-noncommittal-on-federal-funding-for-fords-hwy-401-tunnel-idea/,Canada,Center,ctvnews.ca,2025-10-23,Carney noncommittal on federal funding for Ford’s Hwy. 401 tunnel idea,Prime Minister Mark Carney made no commitments Thursday to supporting a proposed tunnel under Highway 401 to reduce gridlock in the Greater Toronto area (GTA) — a project Ontario Premier Doug Ford has touted as a nation-building project worthy of federal funding.,Prime Minister Mark Carney made no commitments Thursday to supporting a proposed tunnel under Highway 401 to reduce gridlock in the Greater Toronto area (GTA) — a project Ontario Premier Doug Ford has touted as a nation-building project worthy of federal funding.,,Neutral,,Canadian Domestic Governance/Economy/Industry,
https://www.ctvnews.ca/video/2025/10/23/ctv-national-news-did-pm-carney-miss-the-mark-in-his-pre-budget-speech-to-canadians/,Canada,Center,ctvnews.ca,2025-10-23,CTV National News: Did PM Carney miss the mark in his pre-budget speech to Canadians?,Vassy Kapelos weighs in on Prime Minister Mark Carney’s speech to Canadians outlining Ottawa’s agenda for the economy ahead of next month’s federal budget.,Vassy Kapelos weighs in on Prime Minister Mark Carney’s speech to Canadians outlining Ottawa’s agenda for the economy ahead of next month’s federal budget.,,Neutral,,Biography/Opinion/Criticism/Personal Details,
https://www.ctvnews.ca/politics/article/generational-investments-and-sacrifices-highlighted-by-pm-carney-in-national-address/,Canada,Center,ctvnews.ca,2025-10-23,‘Generational investments’ and ‘sacrifices’ highlighted by PM Carney in national address,"Prime Minister Mark Carney pledged “generational investments” in a pre-budget address, while also telling Canadians that transforming the economy will “take some sacrifices.”","Prime Minister Mark Carney pledged 'generational investments' in a pre-budget address, while also telling Canadians that transforming the economy will 'take some sacrifices.",,Neutral,,Canadian Domestic Governance/Economy/Industry,
https://www.ctvnews.ca/video/2025/10/23/pm-mark-carneys-pre-budget-speech-was-unclear-reid/,Canada,Center,ctvnews.ca,2025-10-23,PM Mark Carney’s pre-budget speech was unclear: Reid,Political commentator Scott Reid says the content within PM Carney’s speech was ‘imperfect’ and ‘unclear’ in describing the upcoming federal budget.,Political commentator Scott Reid says the content within PM Carney’s speech was ‘imperfect’ and ‘unclear’ in describing the upcoming federal budget.,,Negative,,Biography/Opinion/Criticism/Personal Details,
https://www.ctvnews.ca/video/2025/10/23/watch-prime-minister-mark-carneys-full-national-address/,Canada,Center,ctvnews.ca,2025-10-23,Watch Prime Minister Mark Carney's full national address,"Prime Minister Mark Carney’s full speech on an increase to military spending, reduction of reliance on the U.S. and the future of Canada's economy.","Prime Minister Mark Carney’s full speech on an increase to military spending, reduction of reliance on the U.S. and the future of Canada's economy.",,Neutral,,Canadian Domestic Governance/Economy/Industry,
https://www.ctvnews.ca/world/trumps-tariffs/article/leblanc-says-us-canada-trade-talks-progressing-but-more-work-needs-to-be-done/,Canada,Center,ctvnews.ca,2025-10-21,Mark Carney confirms possibility of sectoral tariff deal with U.S.,"Prime Minister Mark Carney confirms there’s a possibility for a new sectoral tariff deal with the United States by the end of this month, but is cautioning against being overly optimistic.","Prime Minister Mark Carney confirms there’s a possibility for a new sectoral tariff deal with the United States by the end of this month, but is cautioning against being overly optimistic.",,Neutral,,Canada/US Relations,
https://www.ctvnews.ca/toronto/sports/article/prime-minister-mark-carney-super-pumped-as-toronto-blue-jays-return-to-world-series/,Canada,Center,ctvnews.ca,2025-10-21,Prime Minister Mark Carney ‘super pumped’ as Toronto Blue Jays return to World Series,OTTAWA — Prime Minister Mark Carney says he’s “super pumped” about the Toronto Blue Jays’ dramatic comeback win over the Seattle Mariners that sent them back to the World Series.,Prime Minister Mark Carney says he’s “super pumped” about the Toronto Blue Jays’ dramatic comeback win over the Seattle Mariners that sent them back to the World Series.,,Neutral,,Culture/Social life/Events/Sports,
https://www.ctvnews.ca/video/2025/10/21/absolutely-clutch-pm-mark-carney-reacts-to-blue-jays-win/,Canada,Center,ctvnews.ca,2025-10-21,‘Absolutely clutch’: PM Mark Carney reacts to Blue Jays’ win,"Prime Minister Mark Carney reacts to the Jay’s Game 7 win, saying he ‘always knew’ they would manage to secure a World Series berth.","Prime Minister Mark Carney reacts to the Jay’s Game 7 win, saying he ‘always knew’ they would manage to secure a World Series berth.",,Neutral,,Culture/Social life/Events/Sports,
https://www.ctvnews.ca/politics/article/poilievre-calls-on-carney-to-keep-federal-deficit-under-42b-in-coming-budget/,Canada,Center,ctvnews.ca,2025-10-20,"Poilievre demands Carney cut taxes, keep federal deficit under $42B in next budget",Conservative Leader Pierre Poilievre is demanding that Prime Minister Mark Carney cut taxes and keep the federal deficit under $42 billion in the coming budget.,Conservative Leader Pierre Poilievre is demanding that Prime Minister Mark Carney cut taxes and keep the federal deficit under $42 billion in the coming budget.,,Negative,,2025 Elections/Campaigning/Federal Parties,
https://apnews.com/article/canada-liberal-leader-prime-minister-carney-trump-467b0b43716f7c51e0b61e75560a4504,US,Left,apnews.com,2025-03-07,Canada to name a new leader while dealing with Trump trade war,TORONTO (AP) ‚Äî Canada looks set to pick a measured former central banker to deal with the threats President Donald Trump's tariffs pose against a pillar of ...,Former central banker Mark Carney looks set to become Canada's next prime minister after the governing Liberals announce a replacement for Justin Trudeau on S...,"Donald Trump, Justin Trudeau, Canada, Chrystia Freeland, Pierre Poilievre, Canada government, General news, AP Top News, Politics, Elections, Washington news, International trade, Voting, Political endorsements, United States government, Daniel Bland, Nationalism, Business, Nelson Wiseman, World news, Government policy, Economic policy, Mark Carney, World News, Washington News",Neutral,,2025 Elections/Campaigning/Federal Parties,
https://apnews.com/article/mark-carney-canada-prime-minister-liberal-party-11301d6a66f5b5d859bc883437cc8b9f,US,Left,apnews.com,2025-01-14,Former central banker Mark Carney all but says he's running to be Canada's next prime minister,"PALM DESERT, Calif. (AP) ‚Äî Former central banker Mark Carney all but said he is running to be Canada's next prime minister during an appearance on Jon Stewa...",Former central banker Mark Carney has strongly suggested he will run to be Canada's next prime minister during an appearance on Jon Stewart's 'The Daily S...,"Justin Trudeau, Mark Carney, Canada, Pierre Poilievre, Jon Stewart, Donald Trump, Canada government, Recessions and depressions, General news, Latin America, Political and civil unrest, Chrystia Freeland, Elections, Politics, World news, Liberalism, The Goldman Sachs Group, Inc.",Neutral,,2025 Elections/Campaigning/Federal Parties,
https://apnews.com/video/canadas-pm-carney-says-israels-gaza-takeover-plan-puts-hostages-at-risk-bae35901a0ff4083bd3c019aae876976,US,Left,apnews.com,2025-08-08,Canada’s PM Carney says Israel’s Gaza takeover plan puts hostages at risk,Canadian Prime Minister Mark Carney says Israel’s plan to take over Gaza is wrong and puts the lives of the hostages at a greater risk.,Canadian Prime Minister Mark Carney says Israel’s plan to take over Gaza is wrong and puts the lives of the hostages at a greater risk.,,Neutral,,International Relations & Diplomacy,
https://apnews.com/video/canadian-pm-carney-hopes-for-a-constructive-deal-over-trumps-tariff-increase-6f12152d5917413b8ed6cff562949e2f,US,Left,apnews.com,2025-08-03,Canadian PM Carney hopes for a ‘constructive’ deal over Trump’s tariff increase,Canadian Prime Minister Mark Carney said Sunday that Canada will do “something constructive with the Americans” following US President Donald Trump’s 35% tariff on goods from the country.,Canadian Prime Minister Mark Carney said Sunday that Canada will do &quot;something constructive with the Americans&quot; following US President Donald Trump&#x27;s 35% tariff on goods from the country.,,Neutral,,Canada/US Relations,
https://apnews.com/article/trudeau-canada-resignation-politics-election-84ff95a506d0c58226f0653447d8809b,US,Left,apnews.com,2025-01-07,Canada's Liberals look for a new prime minister as Trump threatens tariffs and an election looms,TORONTO (AP) — Canadian Prime Minister Justin Trudeau announced his resignation after facing an increasing loss of support both within his party and in the co...,Canadian Prime Minister Justin Trudeau announced his resignation after facing an increasing loss of support both within his party and in the country.,"Chrystia Freeland, Canada, Donald Trump, Justin Trudeau, Canada government, Pierre Poilievre, Mark Carney, Dominic LeBlanc, Pierre Trudeau, Political and civil unrest, United States government, General news, United States, Business, Kirsten Hillman, Liberalism, World news, Public opinion, Politics, Elections, Washington news, Economic policy, World News, Washington News",Neutral,,2025 Elections/Campaigning/Federal Parties,
https://apnews.com/article/canada-oil-pipeline-alberta-oil-british-columbia-carney-bdbd13b337ee12a34a708af0ea63da97,US,Left,apnews.com,2025-11-28,Canada’s prime minister and Alberta’s premier sign pipeline deal that could reverse oil tanker ban,"TORONTO (AP) — Canadian Prime Minister Mark Carney and the premier of Canada’s oil rich province of Alberta agreed Thursday to work toward building a pipeline to the Pacific Coast to diversify the country’s oil exports beyond the United States, in a move that has caused turmoil in Carney’s inner circle.","Canadian Prime Minister Mark Carney and the premier of Canada’s oil rich province of Alberta have agreed to work toward building a pipeline to the Pacific Coast to diversify the country’s oil exports beyond the United States, in a move that has caused turmoil in Carney’s inner circle.","World News, Danielle Smith, International trade, Alberta, Steven Guilbeault, Tariffs and global trade, Energy industry, General news, Justin Trudeau, Canada, Mark Carney",Neutral,,Canadian Domestic Governance/Economy/Industry,
https://apnews.com/article/carney-trump-tariffs-trade-steel-lumber-supports-d16ee7ad8750ffc60bf7815373b905da,US,Left,apnews.com,2025-11-26,"Canada’s prime minister announces supports for lumber, steel sectors hit by U.S. tariffs",TORONTO (AP) — Canadian Prime Minister Mark Carney announced Wednesday new supports for the steel and lumber industries hit hard by U.S. tariffs.,Canadian Prime Minister Mark Carney is announcing new supports for the steel and lumber industries hit hard by U.S. tariffs. U.S.,"World News, Donald Trump, Lumber and timber industry, Canada, International trade, Tariffs and global trade, Donald Trump, Canada government, General news, International News, Economic policy, Ronald Reagan, Government policy, Mark Carney",Neutral,,Canadian Domestic Governance/Economy/Industry,support for canadian economy but because of us tariff
https://apnews.com/article/carney-budget-canada-election-2d05c2e0dcd2f1736b61afe154477887,US,Left,apnews.com,2025-11-17,Carney’s Liberals win budget vote and avoid election in Canada,"TORONTO (AP) — Canadian Prime Minister Mark Carney’s budget narrowly passed on Monday, avoiding a possible election.",Canadian Prime Minister Mark Carney won a vote on his budget in Parliament that could have triggered a possible election.,"World News, General news, Elections, Liberalism, Don Davies, Government budgets, Mark Carney, Voting, Pierre Poilievre, Donald Trump, Canada",Positive,,2025 Elections/Campaigning/Federal Parties,
https://apnews.com/article/carney-government-conservative-defection-57defc830fb10f8cc13e9fd5ace832a4,US,Left,apnews.com,2025-11-04,Canadian opposition lawmaker defects to Prime Minister Mark Carney’s Liberal government,"TORONTO (AP) — A Canadian opposition lawmaker joined Prime Minister Mark Carney’s governing Liberal Party on Tuesday, a political coup on a day when the government announced its budget for the year.","A Canadian opposition lawmaker has joined Prime Minister Mark Carney’s governing Liberal Party on Tuesday, a political coup on a day when the government announced its budget for the year.","World News, General news, Mark Carney, Nova Scotia, Chris d'Entremont, Canada, Government budgets, Pierre Poilievre, Canada government, Donald Trump",Neutral,,2025 Elections/Campaigning/Federal Parties,
https://apnews.com/video/canadian-pm-says-he-told-ontarios-premier-not-to-run-anti-tariff-ad-that-upset-trump-17c9d8f76b54419697ea40ee228d1dee,US,Left,apnews.com,2025-11-01,Canadian PM says he told Ontario’s premier not to run anti-tariff ad that upset Trump,Canadian Prime Minister Mark Carney said he told Ontario’s premier not to run an anti-tariff ad that prompted U.S. President Donald Trump to end trade talks with Canada. Carney also confirmed he apologized to Trump during a dinner at the APEC summit.,Canadian Prime Minister Mark Carney said he told Ontario’s premier not to run an anti-tariff ad that prompted U.S. President Donald Trump to end trade talks with Canada. Carney also confirmed he apologized to Trump during a dinner at the APEC summit.,,Neutral,,Canadian Domestic Governance/Economy/Industry,
https://apnews.com/article/carney-canada-trump-tariff-ad-81450969892ac525d4ce21942f3fe973,US,Left,apnews.com,2025-11-01,Canadian PM says he told Ontario’s premier not to run anti-tariff ad that upset Trump,TORONTO (AP) — Canadian Prime Minister Mark Carney said he told Ontario’s premier not to run an anti-tariff advertisement that prompted U.S. President Donald Trump to end trade talks with Canada.,Canadian Prime Minister Mark Carney said he told Ontario's premier not to run an anti-tariff ad that angered U.S. President Donald Trump.,"World News, International trade, Donald Trump, Tariffs and global trade, Donald Trump, Canada government, General news, Doug Ford, Ronald Reagan, Canada, Mark Carney",Neutral,,Canadian Domestic Governance/Economy/Industry,
https://apnews.com/article/china-canada-xi-carney-apec-ace80262b0e54460f6994bf48322abed,US,Left,apnews.com,2025-10-31,"Xi and Carney, meeting in South Korea, try to rebuild China-Canada relations","GYEONGJU, South Korea (AP) — The leaders of China and Canada took a step toward mending the long-fractured ties between their countries on Friday.",Chinese President Xi Jinping and Canadian Prime Minister Mark Carney have taken steps to mend their countries' fractured ties.,"Business, Donald Trump, Asia Pacific, Xi Jinping, Huawei Technologies Co Ltd, South Korea, China government, Canada, International trade, Tariffs and global trade, Donald Trump, General news, Canada government, China, Mark Carney",Neutral,,International Relations & Diplomacy,
https://apnews.com/video/he-is-afraid-canada-prime-minister-mark-carney-challenges-u-s-president-donald-trump-for-a-bet-on-the-mlb-world-series-but-has-had-no-response-yet-0000019a175fd1bba7fa1fffff550000,US,Left,apnews.com,2025-10-24,"‘He is afraid’ - Canada Prime Minister Mark Carney challenges U.S. President Donald Trump for a bet on the MLB World Series, but has had no response yet","‘He is afraid’ - Canada Prime Minister Mark Carney challenges U.S. President Donald Trump for a bet on the MLB World Series, but has had no response yet","‘He is afraid’ - Canada Prime Minister Mark Carney challenges U.S. President Donald Trump for a bet on the MLB World Series, but has had no response yet",,Neutral,,Culture/Social life/Events/Sports,
https://apnews.com/video/carney-says-we-stand-ready-to-resume-trade-talks-after-trump-ends-them-with-canada-over-tv-ads-d6b3b5d0c1834ec4af9cd3ce44d950a2,US,Left,apnews.com,2025-10-24,Carney says ‘we stand ready’ to resume trade talks after Trump ends them with Canada over TV ads,"Canadian Prime Minister Mark Carney says his country “can’t control the trade policy of the United States.” Before boarding a flight to Asia, Carney told reporters: “We have to focus on what we can control and realize what we can’t control.”","Canadian Prime Minister Mark Carney says his country “can’t control the trade policy of the United States.” Before boarding a flight to Asia, Carney told reporters: “We have to focus on what we can control and realize what we can’t control.”",,Neutral,,Canada/US Relations,
https://apnews.com/article/canada-us-auto-production-tariffs-a64f16e120fca93af501fa9c8ce39866,US,Left,apnews.com,2025-10-23,"Canada cuts tariff relief on some US cars due to Stellantis, GM ending some Canadian production","TORONTO (AP) — The Canadian government is limiting how many vehicles Stellantis and GM can import tariff free after the automakers ended some production in Canada, a government official said Thursday.",An official says the Canadian government is limiting how many vehicles Stellantis and GM can import tariff free after the automakers ended some production in Canada.,"Business, Donald Trump, Stellantis NV, Auto industry, Canada, International trade, Tariffs and global trade, Donald Trump, General news, Canada government, General Motors Co., International News, Economic policy, Government policy, Mark Carney",Neutral,,Canada/US Relations,
https://apnews.com/article/carney-trump-world-series-blue-jays-dodgers-4e463dd3b52ae14e7c8aaeac0414a395,US,Left,apnews.com,2025-10-23,Carney challenges Trump to make a bet on the World Series as Canada’s team plays the Dodgers,TORONTO (AP) — Canadian Prime Minister Mark Carney on Thursday challenged U.S. President Donald Trump to make a friendly wager on the outcome of the World Series between the Toronto Blue Jays and Los Angeles Dodgers.,Canadian Prime Minister Mark Carney is challenging U.S. President Donald Trump to make a friendly wager on the outcome of the World Series between the Toronto Blue Jays and Los Angeles Dodgers.,"Sports, Donald Trump, Donald Trump, MLB World Series, Los Angeles Dodgers, MLB, Toronto Blue Jays, Canada, Mark Carney",Neutral,,Culture/Social life/Events/Sports,
https://apnews.com/article/canada-carney-trump-budget-exports-c78a41c00167bc1d8177d5d74e34d09f,US,Left,apnews.com,2025-10-23,Prime Minister Mark Carney says Canada will double its non-US exports as Canadians can’t rely on US,"TORONTO (AP) — Prime Minister Mark Carney set a goal for Canada to double its non-U.S. exports in the next decade, saying American tariffs are causing a chill in investment.","Canadian Prime Minister Mark Carney says he's setting a goal for the country to double its non-U.S. exports in the next decade, saying Canada’s former strengths based on close ties to the United States have become vulnerabilities.","News, International trade, Donald Trump, Tariffs and global trade, Donald Trump, General news, Canada government, Canada, Mark Carney",Neutral,,Canada/US Relations,
https://apnews.com/video/prime-minister-mark-carney-says-canada-will-double-its-non-us-exports-as-canadians-cant-rely-on-us-25a9f6cf4b0f4ea091e4319ffdf9d50d,US,Left,apnews.com,2025-10-23,Prime Minister Mark Carney says Canada will double its non-US exports as Canadians can’t rely on US,"Prime Minister Mark Carney set a goal for Canada to double its non-U.S. exports in the next decade, saying American tariffs are causing a chill in investment.","Prime Minister Mark Carney set a goal for Canada to double its non-U.S. exports in the next decade, saying American tariffs are causing a chill in investment.",,Neutral,,Canada/US Relations,
https://apnews.com/video/trump-and-carney-speak-about-natural-conflict-between-america-and-canada-79d3a4abde2f45349a243343d31f7f08,US,Left,apnews.com,2025-10-07,Trump and Carney speak about ‘natural conflict’ between America and Canada,"During an Oval Office meeting with Canadian Prime Minister Mark Carney, President Donald Trump says there is a “natural business conflict” between the U.S. and its northern neighbor but said there’s also “mutual love.”","During an Oval Office meeting with Canadian Prime Minister Mark Carney, President Donald Trump says there is a “natural business conflict” between the U.S. and its northern neighbor but said there’s also “mutual love.”",,Neutral,,Canada/US Relations,
https://apnews.com/video/trump-and-carney-hold-cordial-oval-office-meeting-despite-tensions-over-tariffs-a45ab1a565904293bf29df56bd2d9c71,US,Left,apnews.com,2025-10-07,Trump and Carney hold cordial Oval Office meeting despite tensions over tariffs,President Donald Trump is describing the relationship between the United States and Canada as having “mutual love” but also “natural conflict.”,President Donald Trump is describing the relationship between the United States and Canada as having “mutual love” but also “natural conflict.”,,Neutral,,Canada/US Relations,
https://apnews.com/article/canada-trump-carney-white-house-visit-dbb49bcf5c4676d7812e3ae463bc16ba,US,Left,apnews.com,2025-10-03,Canadian Prime Minister Mark Carney to meet Trump at the White House next week,"TORONTO (AP) — Canadian Prime Minister Mark Carney will visit U.S. President Donald Trump at the White House next week, it was announced Friday.",Canadian Prime Minister Mark Carney is to hold face-to-face talks with U.S. President Donald Trump at the White House.,"World News, International trade, Donald Trump, Tariffs and global trade, Donald Trump, Canada government, General news, Canada, Mark Carney",Neutral,,Canada/US Relations,
https://apnews.com/video/carney-and-zelenskyy-push-for-the-return-of-abducted-ukrainian-children-fbd1beb96f9a4b0cbb17156d1385540c,US,Left,apnews.com,2025-09-23,Carney and Zelenskyy push for the return of abducted Ukrainian children,Canadian Prime Minister Mark Carney and Ukrainian President Volodymyr Zelenskyy on Tuesday sought to rally global support for the return of thousands of Ukrainian children abducted by Russia.,Canadian Prime Minister Mark Carney and Ukrainian President Volodymyr Zelenskyy on Tuesday sought to rally global support for the return of thousands of Ukrainian children abducted by Russia.,,Neutral,,International Relations & Diplomacy,
https://apnews.com/article/canada-mexico-carney-sheinbaum-trade-34cf26c018810a859bf8f5737873fa41,US,Left,apnews.com,2025-09-18,Leaders of Canada and Mexico vow closer economic ties in the face of Trump trade uncertainty,MEXICO CITY (AP) — Canadian Prime Minister Mark Carney and President Claudia Sheinbaum promised Thursday to strengthen trade relations in the face of U.S. tariff threats and pushed to keep the most important free trade agreement in the Western Hemisphere alive in the lead-up to negotiations next year.,Canadian Prime Minister Mark Carney and President Claudia Sheinbaum have promised to strengthen trade relations in the face of U.S. tariff threats and pushed to keep the most important free trade agreement in the Western Hemisphere alive in the lead-up to negotiations next year.,"World News, International trade, Donald Trump, Tariffs and global trade, Latin America, Donald Trump, Canada government, General news, Mexico, Central America, Claudia Sheinbaum, Canada, Mark Carney",Neutral,,International Relations & Diplomacy,
https://apnews.com/article/canada-carney-ev-car-mandate-trump-5edf77b92a0eacf56fcc03c2e3e22e7a,US,Left,apnews.com,2025-09-05,Canada’s Carney to delay EV mandate as country deals with Trump’s tariffs,TORONTO (AP) — Canadian Prime Minister Mark Carney is delaying a requirement for automakers to begin hitting minimum sales levels for electric vehicles next year as the sector deals with U.S. President Donald Trump’s tariffs.,Canadian Prime Minister Mark Carney is delaying a requirement for automakers that sell in Canada to begin hitting minimum sales levels for electric vehicles next year.,"World News, Donald Trump, Auto industry, Transportation technology, Canada, International trade, Tariffs and global trade, Donald Trump, General news, Canada government, Economic policy, Government policy, Justin Trudeau, Mark Carney",Neutral,,Canada/US Relations,
https://apnews.com/video/carney-pledges-to-invest-2-billion-canadian-dollars-in-military-assistance-for-ukraine-67bc39b28abb455ca2709ec2f9f455eb,US,Left,apnews.com,2025-08-24,Carney pledges to invest 2 billion Canadian dollars in military assistance for Ukraine,Canadian Prime Minister Mark Carney says his country will invest 2 billion Canadian dollars ($1.5 U.S. billion) in new military assistance for Ukraine to boost its army and provide urgently needed weapons.,Canadian Prime Minister Mark Carney says his country will invest 2 billion Canadian dollars ($1.5 U.S. billion) in new military assistance for Ukraine to boost its army and provide urgently needed weapons.,,Neutral,,International Relations & Diplomacy,
https://www.foxnews.com/world/mark-carney-wins-liberal-party-nomination-replace-trudeau-canadas-next-pm,US,Right,foxnews.com,03/09/2025,Mark Carney wins Liberal Party nomination to replace Trudeau as Canada's next PM,"OTTAWA, Canada - Former Central Bank Governor of Canada Mark Carney will become Canada's next prime minister after winning the Liberal leadership race on Sund...",The Liberal Party's new leader Mark Carney is expected to call a general election for late April or early May where he will go up against Conservative leader Pi...,,Neutral,,2025 Elections/Campaigning/Federal Parties,
https://www.foxnews.com/world/trump-critic-mark-carney-poised-replace-trudeau-canadas-prime-minister,US,Right,foxnews.com,03/09/2025,Trump critic Mark Carney poised to replace Trudeau as Canada's prime minister,"OTTAWA ‚Äì Mark Carney has never held elected office, but for years has been touted as a future leader of the Liberal Party of Canada, and if the polling goes a...",Strong support from Liberal parliamentarians and a strong showing in the polls have made Mark Carney the frontrunner in Canada's Liberal leadership race.,,Positive,,2025 Elections/Campaigning/Federal Parties,
https://www.foxnews.com/politics/senators-go-canada-meet-pm-carney-smooth-trump-tariff-tensions-51st-state-pressure,US,Right,foxnews.com,2025-05-28,"Senators go to Canada to meet PM Carney, smooth Trump tariff, 51st-state tensions","A bipartisan group of senators, led by North Dakota Republican Kevin Cramer and New Hampshire Democrat Jeanne Shaheen, recently traveled to Ottawa, Ontario, to ...","Bipartisan senators, led by Kevin Cramer and Jeanne Shaheen, visit Canada to ease U.S.-Canada tensions amid trade disputes and diplomatic challenges.",,Neutral,,Canada/US Relations,
https://www.foxnews.com/world/canada-plans-recognize-palestinian-state-september-pm-carney-says,US,Right,foxnews.com,2025-07-31,"Canada plans to recognize Palestinian state in September, PM Carney says","Canada plans to recognize a Palestinian state in September during a meeting of the United Nations, Canadian Prime ...",Canadian Prime Minister Mark Carney said the country plans to recognize a Palestinian state in September during a meeting of the United Nations.,,Neutral,,International Relations & Diplomacy,
https://www.foxnews.com/sports/canadian-pm-carney-challenges-trump-bet-dodgers-vs-blue-jays-world-series-hes-afraid,US,Right,foxnews.com,2025-10-24,Canadian PM Carney challenges Trump to bet on Dodgers vs Blue Jays World Series: 'He's afraid',"Canadian Prime Minister Mark Carney accused President Donald Trump of being ""afraid"" to make a sports bet on the u...","Canadian Prime Minister Mark Carney challenged President Donald Trump to a World Series bet, predicting Toronto Blue Jays will beat Los Angeles Dodgers in six g...",,Neutral,,Culture/Social life/Events/Sports,
https://www.foxnews.com/politics/trump-teases-very-very-big-announcement-ahead-middle-east-trip-carney-says-hes-on-edge-my-seat,US,Right,foxnews.com,05/06/2025,"Trump teases 'very, very big announcement' ahead of Middle East trip, Carney says he's 'on edge of my seat'","President Donald Trump teased a ""very, very big announcement"" ahead of his upcoming trip to the Middle East. Trump has a planned visit to Saudi Arabia, the Uni...","President Donald Trump said his administration will soon make ""one of the most important announcements that have been made"" before his trip to the Middle East",,Neutral,,Canada/US Relations,double check
https://www.foxnews.com/politics/carney-cuts-short-questions-trump-ahead-g7-summit,US,Right,foxnews.com,2025-06-16,Carney cuts short questions to Trump ahead of G7 summit,"Canadian Prime Minister Mark Carney cut off questioning to President Donald Trump, taking back a few minutes of ti...","President Donald Trump claims at G7 summit that Russia's removal from G8 was a mistake that led to war, discusses tariffs with Canada and potential Iran de-esca...",,Neutral,,Canada/US Relations,
https://www.foxnews.com/politics/trump-holds-extremely-productive-call-canadian-prime-minister-we-agree-many-things,US,Right,foxnews.com,2025-03-28,Trump holds 'extremely productive call' with Canadian prime minister: 'We agree on many things',"President Donald Trump said he held an ""extremely productive call"" with Canadian Prime Minister Mark Carney on Friday. ""I just finished speaking with Prime Min...","President Donald Trump said he held an ""extremely productive call"" with Canadian Prime Minister Mark Carney on Friday.",,Positive,,Canada/US Relations,
https://www.foxnews.com/world/federal-election-looming-liberal-canadian-pm-accused-plagiarism-studying-oxford-report,US,Right,foxnews.com,2025-03-30,"With federal election looming, Liberal Canadian PM accused of plagiarism while studying at Oxford: report",Canadian Prime Minister Mark Carney is facing allegations that he copied parts of his 1995 doctoral thesis at Oxford University without proper credit. The repor...,Prime Minister Mark Carney is embroiled in controversy after a Canadian news outlet discovered at least 10 instances of possible plagiarism in his 1995 Oxford t...,,Negative,,Biography/Opinion/Criticism/Personal Details,
https://www.foxnews.com/opinion/how-canadas-new-prime-minister-plans-take-down-america-impose-great-reset,US,Right,foxnews.com,05/07/2025,How Canada's new prime minister plans to take down America and impose the Great Reset,Canada's new Prime Minister Mark Carney is not your average political leader. He didn't rise through the ranks...,"Canada's new Prime Minister Mark Carney led two G7 central banks, was a trustee of the World Economic Forum and wants ESG rules and digital currency to reset gl...",,Positive,,Biography/Opinion/Criticism/Personal Details,
https://www.foxnews.com/world/king-charles-iii-visits-canada-show-support-country-coveted-trump,US,Right,foxnews.com,2025-05-27,King Charles III visits Canada as show of support for country coveted by Trump,"King Charles III arrived in Canada on Monday for a symbolic visit showing support for the country, which recognizes him as its sovereign, amid U.S. President Do...",King Charles arrived in Canada for a visit showing support for the country amid U.S. President Donald Trump's threats to make it the 51st U.S. state.,,Neutral,,International Relations & Diplomacy,should we keep
https://www.foxnews.com/media/canadian-pm-makes-veiled-dig-trump-during-toronto-film-festival-speech-pushing-canada-too-far,US,Right,foxnews.com,09/05/2025,"Canadian PM makes veiled dig at Trump during film festival, warns not to push 'too far'",Canadian Prime Minister Mark Carney slyly criticized President Donald Trump during a speech at the 2025 Toronto In...,"Canadian Prime Minister Mark Carney implicitly criticized President Donald Trump at the Toronto International Film Festival, using references to comedian John C...",,Neutral,,Canada/US Relations,
https://www.cbc.ca/player/play/video/9.6679232,Canada,Left,cbc.ca,2025-03-10,Mark Carney becomes prime minister-designate: What's next?,"In a landslide win, Mark Carney became leader of the federal Liberal Party. P...","In a landslide win, Mark Carney became leader of the federal Liberal Party. Political scientist Jamie Gillies talks about why he thinks Carney won by such a m...",,Neutral,,2025 Elections/Campaigning/Federal Parties,
https://www.cbc.ca/news/politics/carney-liberal-leadership-analysis-wherry-1.7479094?cmp=rss,Canada,Left,cbc.ca,2025-03-10,Mark Carney steps into an unprecedented moment,"In the more gossipy corners of Ottawa, this has been a long time coming. At least as far back as the summer ...",Carney is the 14th leader of the Liberal Party and he will soon become the 24th prime minister of Canada. The question now is how long he will occupy that offic...,,Neutral,,Biography/Opinion/Criticism/Personal Details,analysis of prospects
https://www.cbc.ca/player/play/video/9.6678219,Canada,Left,cbc.ca,2025-03-09,"Who is Mark Carney, Canada's next prime minister?",How Mark Carney went from his upbringing in Alberta to central banker in tough economic ...,"How Mark Carney went from his upbringing in Alberta to central banker in tough economic times, and now leader of the Liberal Party of Canada and prime minister-...",,Positive,,Biography/Opinion/Criticism/Personal Details,
https://www.cbc.ca/news/politics/mark-carney-liberals-economic-task-force-1.7317833?cmp=rss,Canada,Left,cbc.ca,2024-09-09,Mark Carney joins Liberals' economic growth task force,"In a news release issued Monday, the party said Carney will c...","Mark Carney is joining the Liberal Party of Canada to help develop the party's economic strategy. In a news release issued Monday, the party said Carney will ch...",,Neutral,,2025 Elections/Campaigning/Federal Parties,joining federal party
https://www.cbc.ca/news/politics/anand-endorses-carney-liberal-leader-1.7441756?cmp=rss,Canada,Left,cbc.ca,2025-01-25,Transport Minister Anita Anand endorses Mark Carney for Liberal leader,Transport Minister Anita Anand announced Saturday afternoon she's backing Mark Carney for federal Liberal leader — another key endorsement as more of Prime Mi...,Transport Minister Anita Anand announced Saturday afternoon she's backing Mark Carney for Liberal leader — another key endorsement as more of Prime Minister...,,Positive,,2025 Elections/Campaigning/Federal Parties,
https://www.cbc.ca/news/politics/carney-cabinet-crisis-analysis-1.7534209?cmp=rss,Canada,Left,cbc.ca,2025-05-13,Mark Carney unveils his crisis cabinet,"Standing outside Rideau Hall on Tuesday, Mark Carney said his new cabinet — the first real cabinet of his time as prime minister — was ""purpose-built for th...","Standing outside Rideau Hall on Tuesday, Mark Carney said his new cabinet —Â the first real cabinet of his time as prime minister —Â was ""purpose-built for ...",,Neutral,,Canadian Domestic Governance/Economy/Industry,? cabinet post-election
https://www.cbc.ca/news/canada/kitchener-waterloo/prime-minister-mark-carney-kitchener-waterloo-oktoberfest-9.6942840?cmp=rss,Canada,Left,cbc.ca,2025-10-17,Prime Minister Mark Carney takes in K-W Oktoberfest,"Carney was in southern Ontario on Friday and in the afternoon, stoppe...",Prime Minister Mark Carney made a stop in Breslau on Friday to tap a keg during the last weekend of Kitchener-Waterloo Oktoberfest events.,,Neutral,,Culture/Social life/Events/Sports,
https://www.cbc.ca/news/politics/mark-carney-next-prime-minister-liberal-leader-what-next-1.7479097?cmp=rss,Canada,Left,cbc.ca,2025-03-10,Mark Carney dominated the race to replace Justin Trudeau. Now what?,He won with 85.9 per cent...,"In something of a political blowout, Mark Carney was elected as leader of the Liberal Party and as the next prime minister. Here's what comes next.",,Neutral,"""dominated""?",2025 Elections/Campaigning/Federal Parties,
https://www.cbc.ca/news/politics/mark-carney-liberal-trudeau-election-1.7319098?cmp=rss,Canada,Left,cbc.ca,2024-09-10,Mark Carney sidesteps questions about political future after speaking with Liberal MPs,Former Bank of Canada governor Mark Carney sidestepped questions about his political ambitions Tuesday while saying he was honoured to be asked to advise the Li...,Former Bank of Canada governor Mark Carney sidestepped questions about his political ambitions on Tuesday while saying he was honoured to be asked to advise the...,,Negative,"""sidestepped""?",2025 Elections/Campaigning/Federal Parties,
https://www.cbc.ca/news/politics/livestory/prime-minister-mark-carney-sworn-in-as-party-leaders-gear-up-for-campaign-9.6684524?cmp=rss,Canada,Left,cbc.ca,2025-03-14,Prime Minister Mark Carney sworn-in as party leaders gear up for campaign,Mark Carney sworn ...,,,Neutral,,2025 Elections/Campaigning/Federal Parties,
https://www.cbc.ca/player/play/video/9.6835597?cmp=rss,Canada,Left,cbc.ca,2025-07-18,Does Mark Carney really have 574 conflicts of interest? | About That,Prime Minister Mark Carney says he followed all the rules about di...,Prime Minister Mark Carney says he followed all the rules about disclosing his financial assets — now held in a blind trust — but Pierre Poilievre and Oppos...,,Negative,"""conflicts of interests""",Biography/Opinion/Criticism/Personal Details,
https://www.cbc.ca/news/canada/ottawa/mark-carney-to-run-for-seat-in-ottawa-s-nepean-riding-1.7490982?cmp=rss,Canada,Left,cbc.ca,2025-03-23,Mark Carney to run for seat in Ottawa's Nepean riding,"""Ottawa is where Mark Carney r...","Prime Minister Mark Carney will run in the Ottawa riding of Nepean in the next federal election, according to the Liberal Party.",,Neutral,,2025 Elections/Campaigning/Federal Parties,
https://www.cbc.ca/radio/asithappens/catherine-mckenna-mark-carney-1.7518016?cmp=rss,Canada,Left,cbc.ca,2025-04-24,Catherine McKenna defends Mark Carney after details emerge about his Trump call,While Liberal Leader Mark Carney's opponents accuse him of being dishonest a...,"While Liberal Leader Mark Carney's opponents accuse him of being dishonest about the details of his phone call with Donald Trump, one former Liberal cabinet m...",,Neutral,both pos and neg,Biography/Opinion/Criticism/Personal Details,opinon?
https://www.cbc.ca/news/canada/ottawa/mark-carney-ottawa-nepean-riding-1.7491293?cmp=rss,Canada,Left,cbc.ca,2025-03-25,Nepean's Mark Carney surprise further disrupts the local race,Liberal leader Mark Carney was announced as the new candidate in the Ottawa riding of Nepean. He's replacing a Liberal incumbent who had been disqualified from ...,The Liberal leader is vying for a seat in Nepean. And some residents of the riding said that could sway their vote.,,Neutral,,2025 Elections/Campaigning/Federal Parties,
https://www.cbc.ca/news/canada/new-brunswick/mark-carney-buy-canadian-fredericton-9.6973197?cmp=rss,Canada,Left,cbc.ca,2025-11-10,Prime Minister Mark Carney in Fredericton to talk about 'Buy Canadian' policy,Prime Minister Mark Ca...,Prime Minister Mark Carney is in Fredericton Monday to highlight the government's new,,Neutral,,Canadian Domestic Governance/Economy/Industry,
https://www.cbc.ca/news/politics/mark-carney-day-1-1.7479519?cmp=rss,Canada,Left,cbc.ca,2025-03-10,"After landslide victory, Mark Carney meets with Trudeau as transition to power begins",Prime minister-designate Mark Carney met with Prime Minister Justin Trudeau Monday as the new Liberal leader takes the reins of power after a landslide victory ...,Prime minister-designate Mark Carney metÂ with Prime Minister Justin Trudeau Monday as the new Liberal leader takes the reins of power after a landslide victory...,,Positive,"""landslide victory""",2025 Elections/Campaigning/Federal Parties,meeting with Trudeau?
https://www.cbc.ca/news/politics/liberal-leadership-debate-carney-gould-analysis-1.7469306?cmp=rss,Canada,Left,cbc.ca,2025-02-26,Mark Carney has answered some questions — but many more remain,Near the end of Tuesday night's Liberal leadership debate — the second and last time all four candidates will be on the same stage together before a winner is...,It would be a true surprise now if Carney somehow did not become the 14th leader in the history of the Liberal Party of Canada on March 9. But even if Carney is...,,Positive,"""would be a surprise if he doesn't win""",2025 Elections/Campaigning/Federal Parties,
https://www.cbc.ca/player/play/video/9.6615476,Canada,Left,cbc.ca,2025-01-16,CBU political science prof weighs in on Mark Carney announcement,"In an interview with Amy Smith, Tom Urbaniak says Carney has been hover...","In an interview with Amy Smith, Tom Urbaniak says Carney has been hovering around Liberal leadership prospects for a long time, but he has to do more to become ...",,Negative,"""has to do more""",Biography/Opinion/Criticism/Personal Details,
https://www.cbc.ca/news/politics/mark-carney-launch-liberal-edmonton-1.7431603?cmp=rss,Canada,Left,cbc.ca,2025-01-15,Mark Carney to launch bid for the Liberal leadership in Edmonton on Thursday,"Mark Carney will launch his candidacy for the Liberal Party leadership at an event in Edmonton on Thursday, according to a notice from Calgary Skyview MP George...","Mark Carney will launch his candidacy for the Liberal Party leadership at an event in Edmonton on Thursday, according to a notice from Calgary Skyview MP George...",,Neutral,,2025 Elections/Campaigning/Federal Parties,
https://www.cbc.ca/news/canada/newfoundland-labrador/carney-liberal-campaign-st-johns-1.7491017?cmp=rss,Canada,Left,cbc.ca,2025-03-23,Mark Carney to kick off federal Liberal campaign from St. John's today,St. John's wil...,"The Prime Minister's Office has confirmed that after announcing the federal election today, Mark Carney is heading to Newfoundland and Labrador.",,Neutral,,2025 Elections/Campaigning/Federal Parties,
https://www.cbc.ca/news/politics/carney-c5-spending-defence-housing-analysis-1.7593926?cmp=rss,Canada,Left,cbc.ca,2025-07-26,Can Mark Carney move fast and not break things?,On the da...,"It's easy to move fast if you're not worried about breaking things. The greater challengeÂ is moving fastÂ while fixing, improving and building things.",,Neutral,?,Biography/Opinion/Criticism/Personal Details,
https://www.cbc.ca/news/politics/mark-carney-stephen-harper-1.7460897?cmp=rss,Canada,Left,cbc.ca,2025-02-16,Mark Carney says former prime minister Stephen Harper asked him to be finance minister,Liberal leadership candidate and former Bank of Canada governor Mark Carney said on Sunday that former prime minister Stephen Harper asked him to join his cabin...,Liberal leadership candidate and former Bank of Canada governor Mark Carney said on Sunday that former prime minister Stephen Harper asked him to join his cabin...,,Positive,,Canadian Domestic Governance/Economy/Industry,
https://www.cbc.ca/news/politics/carney-cabinet-carbon-tax-analysis-1.7484424?cmp=rss,Canada,Left,cbc.ca,2025-03-14,Prime Minister Mark Carney tries to turn the page,"The 23rd prime minister was a hugger — possibly the huggiest in Canadian history. The 24th prefers a firm handshake,...",In the limited space of his first day as prime minister —Â and with an election maybe just more than a week away —Â Mark Carney could at least try to signal...,,Negative,,Biography/Opinion/Criticism/Personal Details,
https://www.cbc.ca/news/politics/guilbeault-carney-freeland-endorsements-1.7437240?cmp=rss,Canada,Left,cbc.ca,2025-01-21,"Guilbeault, other cabinet ministers back Mark Carney as next Liberal leader","Former central banker Mark Carney picked up a handful of cabinet endorsements on Tuesday, including from the government's most vocal climate champion, as the Li...","Former central banker Mark Carney picked up a handful of cabinet endorsements on Tuesday, including from the government's most vocal climate champion, as the Li...",,Positive,,2025 Elections/Campaigning/Federal Parties,
https://www.cbc.ca/radio/frontburner/mark-carney-wins-a-country-divided-1.7521397?cmp=rss,Canada,Left,cbc.ca,2025-04-29,"Mark Carney wins, a country divided","A whirlwind election campaign has ended with Mark Carney leading the Liberal Party to victory, coming back from disastrous polling numbers just months ago. The ...","Mark Carney will be the next prime minister of Canada, but now faces the prospect of governing a country still facing serious political divides.",,Neutral,,2025 Elections/Campaigning/Federal Parties,
https://www.cbc.ca/news/politics/mark-carney-charles-tupper-shortest-prime-minister-1.7484061?cmp=rss,Canada,Left,cbc.ca,2025-03-14,Mark Carney could be Canada's shortest-serving prime minister,"Mark Carney was sworn in as Canada's prime minister on Friday — and depending on the outcome of the next election, he could be the country's shortest-serving ...","Mark Carney was sworn in as Canada's prime minister on Friday — and depending on the outcome of the next election, he could be the country's shortest-serv...",,Neutral,,2025 Elections/Campaigning/Federal Parties,
https://www.cbc.ca/news/politics/carney-swearing-in-friday-1.7482023?cmp=rss,Canada,Left,cbc.ca,2025-03-12,Mark Carney to be sworn in as prime minister Friday: sources,"The new Liberal leader,...","Prime minister-designate Mark Carney and his cabinet will be sworn in on Friday at Rideau Hall, Radio-Canada and CBC News have learned.",,Neutral,,2025 Elections/Campaigning/Federal Parties,
https://www.cbc.ca/news/politics/carney-question-period-analysis-1.7546380?cmp=rss,Canada,Left,cbc.ca,2025-05-28,Mark Carney meets the battleground of question period,One of Mark Carney's greatest advantages over the last five months — the first five months of his political career — has seemingly been his ability to play ...,"When he formally launched his political career in January,Â Carney said ""this is no time for politics as usual.""Â It remains to be seen how well that sense of t...",,Positive,?,2025 Elections/Campaigning/Federal Parties,
https://www.cbc.ca/news/politics/carney-populism-poilievre-trump-analysis-1.7548623?cmp=rss,Canada,Left,cbc.ca,2025-05-31,Can Mark Carney defeat Canadian populism?,"""We joined to...","Is it possible that the visit of King Charles marked the end of Canada's brief populist moment? It is, of course, far too early to draw any such conclusion. One...",,Neutral,,Biography/Opinion/Criticism/Personal Details,social?
https://www.cbc.ca/news/canada/montreal/mark-carney-montreal-st-patricks-day-march-1.7485191?cmp=rss,Canada,Left,cbc.ca,2025-03-16,Prime Minister Mark Carney marches in Montreal's St. Patrick's Day parade,"Carney, who was sworn in as prime mi...","Carney, who was sworn in as prime minister on Friday, was joined by several Quebec-based cabinet ministers as he shook hands and waved to thousands gathered alo...",,Neutral,,Culture/Social life/Events/Sports,
https://www.cbc.ca/news/canada/ottawa/canada-federal-election-2025-results-nepean-1.7516414?cmp=rss,Canada,Left,cbc.ca,2025-04-29,Mark Carney wins his suburban Ottawa seat in Nepean,This is the first time since the 188...,"Prime Minister Mark Carney will represent a suburban section of west Ottawa in the House of Commons, CBC News projects.",,Neutral,,2025 Elections/Campaigning/Federal Parties,
https://www.cbc.ca/news/politics/mark-carney-lays-out-his-plan-for-the-biggest-crisis-of-our-lifetimes-1.7514504?cmp=rss,Canada,Left,cbc.ca,2025-04-20,Mark Carney lays out his plan for 'the biggest crisis of our lifetimes',The Un...,Liberal Leader Mark Carney framed his fiscal and spending plan on Saturday in terms of a crisis. Conservative Leader Pierre Poilievre dismissed it as a 'spendin...,,Neutral,Mentions Poilievre against,Canadian Domestic Governance/Economy/Industry,
https://www.cbc.ca/news/politics/liberal-leadership-hopeful-mark-carney-says-he-d-run-a-deficit-to-invest-and-grow-canada-s-economy-1.7460774?cmp=rss,Canada,Left,cbc.ca,2025-02-16,Liberal leadership hopeful Mark Carney says he'd run a deficit to 'invest and grow' Canada's economy,"Liberal leadership hopeful Mark Carney confirmed Sunday that a federal government led by him would run a deficit ""to invest and grow"" Canada's economy, but it w...","Liberal leadership hopeful Mark Carney confirmed Sunday that a federal government led by him would run a deficit â€œto invest and growâ€ Canada's economy, bu...",,Neutral,,Canadian Domestic Governance/Economy/Industry,about promises
https://www.cbc.ca/news/canada/edmonton/oilers-fan-mark-carney-practices-with-team-before-thursday-s-home-game-against-jets-1.7488835?cmp=rss,Canada,Left,cbc.ca,2025-03-20,Oilers fan Mark Carney practices with team before Thursday's home game against Jets,"Prime Minister Mark Carney joined the Edmonton Oilers on the ice Thursday, as the NHL team prepared for a game against the Western Conference-leading Winnipeg J...","Prime Minister Mark Carney joined the Edmonton Oilers on the ice Thursday, as the NHL team prepared for a game against the Western Conference-leading Winnipeg J...",,Neutral,,Culture/Social life/Events/Sports,
https://www.cbc.ca/news/canada/dual-citizenship-prime-minister-carney-1.7481926?cmp=rss,Canada,Left,cbc.ca,2025-03-15,Why Mark Carney is dropping both his Irish and U.K. passports,"St. Patrick's Day may be just around the corner, but it seems Mark Carney can no longer truly claim to be Irish, as Canada's new prime minister moved to renounc...","Monday might be theÂ last St. Patrick's Day that Mark Carney can truly claim to be Irish,Â as Canada's newly sworn-inÂ prime minister movesÂ to renounceÂ both h...",,Neutral,"""can no longer truly claim""",Biography/Opinion/Criticism/Personal Details,
https://www.cbc.ca/news/canada/edmonton/danielle-smith-alberta-mark-carney-edmonton-1.7629789?cmp=rss,Canada,Left,cbc.ca,2025-09-10,Alberta premier expected to meet Prime Minister Mark Carney in Alberta's capital,Alberta Premier Danielle Smith is expected to reiterate her policy demands face-to-face with Prime Minister Mark Carney Wednesday while he's in Edmonton to meet...,Alberta Premier Danielle Smith is expected to reiterate her policy demands face-to-face with Prime Minister Mark Carney Wednesday while he's in Edmonton to meet...,,Neutral,,Canadian Domestic Governance/Economy/Industry,
https://www.cbc.ca/news/canada/british-columbia/liberal-carney-retirees-tariffs-1.7504800?cmp=rss,Canada,Left,cbc.ca,2025-04-08,Liberal Leader Mark Carney promises year-long measures to help retirees cope with tariffs,Campaigni...,"Liberal Leader Mark Carney kicked off his Western campaigning in Victoria, B.C. this week.",,Neutral,,2025 Elections/Campaigning/Federal Parties,promises
https://www.cbc.ca/news/politics/mark-carney-jon-stewart-daily-show-1.7430594?cmp=rss,Canada,Left,cbc.ca,2025-01-14,"Teasing a Liberal leadership bid, Mark Carney talks change, economy with The Daily Show","Mark Carney appeared on The Daily Show with Jon Stewart on Monday to talk about what kind of Liberal leadership candidate he would make, Conservative Leader Pie...","Mark Carney has appeared on The Daily Show with Jon Stewart to talk about what kind of a Liberal leadership candidate he would make, Conservative Leader Pierre ...",,Neutral,,2025 Elections/Campaigning/Federal Parties,
https://www.cbc.ca/news/politics/federal-budget-mark-carney-1.7538248?cmp=rss,Canada,Left,cbc.ca,2025-05-18,Prime Minister Mark Carney says Liberals will table a budget this fall,Prime Minister Mark Carney said Sunday morning in Rome that his Liberal government will table a budget this fall — a decision he argued is the right one becau...,Prime Minister Mark Carney said Sunday morning in Rome that his Liberal government will table a budget this fall — a decision he argued is the right one becau...,,Neutral,,Canadian Domestic Governance/Economy/Industry,
https://www.cbc.ca/news/politics/mark-carney-gaza-blockade-1.7519408?cmp=rss,Canada,Left,cbc.ca,2025-04-26,Mark Carney condemns Israeli blockade on food to Gaza,"Liberal Leader Mark Carney urged Israel to allow the World Food Programme to work in Gaza, saying food must not be used as a ""political tool,"" hours after the U...","Prime Minister Mark Carney urged Israel to allow the World Food Programme to work in Gaza, saying food must not be used as a ""political tool,"" hours after the U...",,Neutral,,International Relations & Diplomacy,
https://www.cbc.ca/player/play/video/9.6895295?cmp=rss,Canada,Left,cbc.ca,2025-09-09,Positive energy' is back after PM Mark Carney talks megaprojects in N.L.,Prime Minister Mark Carney's visit to St. John's was about...,Prime Minister Mark Carney's visit to St. John's was about more than tariffs. He also discussed two energy megaprojects in a private meeting with Premier Jo...,,Positive,,Canadian Domestic Governance/Economy/Industry,
https://www.cbc.ca/news/politics/carney-poilievre-debate-trump-analysis-1.7514109?cmp=rss,Canada,Left,cbc.ca,2025-04-18,Mark Carney and Pierre Poilievre see very different threats to Canada,"Thirty-seven years ago, inside a television studio in Ottawa, John Turner thrust an index finger at Brian Mulroney and warned that with one stroke of a pen Mulr...",The result of a modern debate is always something of a blur. But what this year's encounters underlined is that this election is primarily about both two very d...,,Neutral,,2025 Elections/Campaigning/Federal Parties,
https://www.cbc.ca/news/science/carney-banking-climate-1.7651041?cmp=rss,Canada,Left,cbc.ca,2025-10-03,"After exodus of major banks, Mark Carney-launched net-zero alliance shuts down",A spokesperson for the UN-backed N...,A global banking group that Prime Minister Mark Carney helped launch in 2021 to fight climate change has voted to shut down.,,Negative,,Canadian Domestic Governance/Economy/Industry,?
https://www.cbc.ca/news/politics/mark-carney-running-liberal-leadership-1.7433415?cmp=rss,Canada,Left,cbc.ca,2025-01-16,Mark Carney says it's 'no time for politics as usual' as he launches campaign to replace Trudeau,"After months of speculation about his future, former Bank of Canada governor Mark Carney launched his campaign to replace Justin Trudeau as Liberal leader on Th...","After months of speculation about his future, former Bank of Canada governor Mark Carney launched his campaign to replace Justin Trudeau as Liberal leader on Th...",,Neutral,,2025 Elections/Campaigning/Federal Parties,
https://www.cbc.ca/news/politics/carney-joly-liberal-leaership-1.7435527?cmp=rss,Canada,Left,cbc.ca,2025-01-19,Foreign Affairs Minister Mélanie Joly to endorse Mark Carney for Liberal leader: sources,Joly w...,"Foreign Affairs Minister Mélanie Joly will endorse Mark Carney in the race for the leadership of the Liberal Party of Canada, Radio-Canada has learned.",,Positive,,2025 Elections/Campaigning/Federal Parties,
https://www.cbc.ca/news/politics/liberals-reform-act-caucus-meeting-1.7542530?cmp=rss,Canada,Left,cbc.ca,2025-05-23,Why some Liberal MPs want to reserve the right to oust Mark Carney,Some Liberal MPs say they plan on voting to adopt the Reform Act on Sunday so caucus has more power and can reserve the right to trigger a vote to topple Prime ...,Some Liberal MPs say they plan on voting to adopt the Reform Act on Sunday so caucus has more power and can reserve the right to trigger a voteÂ to toppleÂ Prim...,,Neutral,?,Canadian Domestic Governance/Economy/Industry,
https://www.cbc.ca/news/politics/smith-carney-poilievre-pipeline-analysis-1.7649498?cmp=rss,Canada,Left,cbc.ca,2025-10-02,Is Mark Carney going to get tied up in pipeline politics?,"Announcing her intention to propose an oil pipeline that would run across northern British Columbia from Alberta to the Pacific Ocean, Premier Danielle Smith de...",Alberta Premier Danielle Smith's preferred framing for the issue of a new pipline creates a challenge and a potential trap for Prime Minister Mark Carney.,,Neutral,"? ""Trap""",Canadian Domestic Governance/Economy/Industry,
https://www.cbc.ca/news/canada/prince-edward-island/pei-mark-carney-campaign-mp-endorsements-1.7448241?cmp=rss,Canada,Left,cbc.ca,2025-02-01,He's a tested product': Island MPs in full support of Mark Carney for Liberal leadership,"Mark Carney made a stop in Prince Edward Island on Saturday, backed by all four of the province's members of Parliament who have endorsed him to be the next fed...","Mark Carney made a stop in Prince Edward Island on Saturday, backed by all four of the province's members of Parliament who have endorsed him to be the next fed...",,Positive,,2025 Elections/Campaigning/Federal Parties,
https://www.cbc.ca/news/business/armstrong-election-economy-1.7521865?cmp=rss,Canada,Left,cbc.ca,2025-04-30,Now comes the hard part for Mark Carney,"Even with the dust still settling on the results of the federal election, the clock has already begun ticking on Mark Carney's promises to unite and build the C...",The success of Mark Carney's political agenda hinges on delivering his economic promises.,,Neutral,,Biography/Opinion/Criticism/Personal Details,opinion?
https://www.cbc.ca/news/politics/carney-chief-of-staff-1.7549390?cmp=rss,Canada,Left,cbc.ca,2025-06-01,Mark Carney chooses former UN ambassador Marc-André Blanchard as his chief of staff,Prime Minister Mark Carney announced Sunday afternoon he's selected former Canadian ambassador to the United Nations Marc-André Blanchard as his chief of staff...,Prime Minister Mark Carney has selected former Canadian ambassador to the United NationsÂ Marc-André Blanchard as his chief of staff. Blanchard will begin the ...,,Neutral,,Canadian Domestic Governance/Economy/Industry,cabinet post-election
https://www.cbc.ca/news/canada/calgary/carney-alberta-rallies-1.7519628?cmp=rss,Canada,Left,cbc.ca,2025-04-27,Mark Carney charts course for Alberta in dying hours of campaign,Liber...,"Once seen as flyover territory during federal campaigns, Alberta has turned into a hotbed of political activity on the final weekend before election day.",,Neutral,,2025 Elections/Campaigning/Federal Parties,
https://www.cbc.ca/news/canada/manitoba/mark-carney-liberal-leader-reactions-manitoba-1.7479218?cmp=rss,Canada,Left,cbc.ca,2025-03-10,"Mark Carney 'has what it takes' to deal with Trump, say Manitoba politicians","The choice of Mark Carney as newly-minted Liberal Party Leader is being met with applause from many in Manitoba, including a Liberal MP who didn't vote for him....","The choice ofÂ Mark Carney as newly-mintedÂ Liberal Party Leader is being met with applause from many in Manitoba, including aÂ Liberal MP who didn't vote for h...",,Positive,,2025 Elections/Campaigning/Federal Parties,
https://www.cbc.ca/news/canada/british-columbia/eby-carney-softwood-lumber-1.7504406?cmp=rss,Canada,Left,cbc.ca,2025-04-08,"Don't forget about softwood lumber sector, B.C. premier tells Mark Carney",Eby and ...,"During Liberal Leader Mark Carney's visit to Victoria, Premier David Eby told him B.C.'s forestry sector deserves the same attention as industries in Ontario an...",,Neutral,,Canadian Domestic Governance/Economy/Industry,
https://www.cbc.ca/news/canada/edmonton/oilers-fan-mark-carney-skates-with-team-before-thursday-s-home-game-against-jets-1.7488835?cmp=rss,Canada,Left,cbc.ca,2025-03-20,Oilers fan Mark Carney skates with team before Thursday's home game against Jets,Prime Minister Mark Carney joined the Edmonton Oilers on the ice Thursday as the NHL team prepared for a game against the Western Conference-leading Winnipeg Je...,Prime Minister Mark Carney joined the Edmonton Oilers on the ice Thursday as the NHL team prepared for a game against the Western Conference-leading Winnipeg Je...,,Neutral,,Culture/Social life/Events/Sports,
https://www.cbc.ca/news/politics/carneyclimatecred-9.6950761?cmp=rss,Canada,Left,cbc.ca,2025-10-25,"As a leader in finance, Mark Carney said climate action was critical. Where is that urgency now?",But perhaps less known i...,"Mark Carney spent a decade as one of the most credible voices on climate action and the economy. Now as prime minister, he is scrapping emissions reductions pol...",,Negative,,Biography/Opinion/Criticism/Personal Details,
https://www.cbc.ca/news/canada/saskatchewan/moe-carney-canola-ottawa-1.7635160?cmp=rss,Canada,Left,cbc.ca,2025-09-16,"Premier Scott Moe, canola industry leaders to meet with PM Mark Carney Tuesday",The prime minister also chairs a c...,Prime Minister Mark Carney is set to meet with Saskatchewan Premier Scott Moe and canola industry leaders in Ottawa on Tuesday afternoon.,,Neutral,,Canadian Domestic Governance/Economy/Industry,
https://www.cbc.ca/news/canada/calgary/bakx-ceraweek-smith-carney-1.7479291?cmp=rss,Canada,Left,cbc.ca,2025-03-10,"Mark Carney is no ally of the oilpatch, says Alberta Premier Danielle Smith as she calls for election",Alberta Premier Danielle Smith wants the new leader of the federal Liberal Party to change its approach toward the oil and gas industry and its environmental po...,"He's been on a warpath against the energy industry for his entire career,' Smith said Monday at the CERAWeek energy conference in Houston, Texas.",,Negative,,Canadian Domestic Governance/Economy/Industry,
https://www.cbc.ca/news/canada/newfoundland-labrador/carney-win-kelly-blidook-reaction-1.7479177?cmp=rss,Canada,Left,cbc.ca,2025-03-10,"Expect Mark Carney to lead a 'more right-leaning government,' says MUN political scientist",Memorial University political scientist Kelly Blidook says new federal Liberal Party Leader Mark Carney is likely to be quickly sworn into office and call a fed...,"Mark Carney won the federal Liberal leadership race in a landslide victory on Sunday,Â and a Memorial University political scientist believes there could be a s...",,Neutral,,Biography/Opinion/Criticism/Personal Details,
https://www.cbc.ca/news/politics/sean-fraser-leaving-cabinet-1.7411260?cmp=rss,Canada,Left,cbc.ca,2024-12-16,Sean Fraser to leave federal cabinet as PMO pushes to add Mark Carney,Housing Minister Sean Fraser will announce on Monday that he will not seek re-election in his Nova Scotia riding and will leave the federal cabinet during the n...,Housing Minister Sean Fraser will announceÂ on Monday that he will not seek re-election in his Nova Scotia riding and will leave the federal cabinet during the ...,,Positive,,2025 Elections/Campaigning/Federal Parties,
https://www.cbc.ca/news/canada/edmonton/alberta-premier-outlines-list-of-demands-in-first-meeting-with-prime-minister-mark-carney-1.7489042?cmp=rss,Canada,Left,cbc.ca,2025-03-20,Alberta premier outlines list of demands in first meeting with Prime Minister Mark Carney,And...,Alberta Premier Danielle Smith says that in her first meeting with the new prime minister on Thursday she gave him an earful on everything from wildfires to oil...,,Negative,"""gave him an earful""",Canadian Domestic Governance/Economy/Industry,
https://www.cbc.ca/news/politics/carney-first-trip-paris-london-iqaluit-1.7485311?cmp=rss,Canada,Left,cbc.ca,2025-03-17,Prime Minister Mark Carney arrives in Paris to meet with European allies amid U.S. trade war,"Prime Minister Mark Carney arrived in Paris Monday to meet with French President Emmanuel Macron, seeking support from one of Canada's oldest allies as U.S. Pre...","Prime Minister Mark Carney has arrived in Paris to meet with French President Emmanuel Macron, seeking support from one of Canada's oldest allies as U.S. Presid...",,Neutral,,International Relations & Diplomacy,
https://www.cbc.ca/news/politics/liberal-leadership-contender-mark-carney-defence-spending-1.7450718?cmp=rss,Canada,Left,cbc.ca,2025-02-05,Mark Carney committing to hit 2% NATO defence spending benchmark in 2030,Liberal leadership contender Mark Carney is expected to announce on Wednesday that if he becomes prime minister he's committed to reaching NATO's military inves...,Liberal leadership contender Mark Carney is expected to announce on Wednesday that if he becomes prime minister he's committed to reaching NATO's military i...,,Neutral,,2025 Elections/Campaigning/Federal Parties,"international relations, campaign promise"
https://www.cbc.ca/news/politics/mark-carney-renounce-citizenship-1.7472421?cmp=rss,Canada,Left,cbc.ca,2025-03-01,"Mark Carney says he's begun the process of renouncing Irish, U.K. citizenship",Liberal leadership hopeful Mark Carney says he's written to the British and Irish governments to begin the process of renouncing his citizenship in both countri...,Liberal leadership hopeful Mark Carney says he's written to the British and Irish governments to begin the process of renouncing his citizenshipÂ in both countr...,,Neutral,,Biography/Opinion/Criticism/Personal Details,
https://www.cbc.ca/news/canada/newfoundland-labrador/pm-carney-st-johns-1.7627614?cmp=rss,Canada,Left,cbc.ca,2025-09-08,Carney to make tariff relief announcement in St. John's,Prime Minister Mark Carney is starting his week in St. John's to make...,Prime Minister Mark Carney is in St. John's on Monday to make an announcement regarding regional tariff relief for Atlantic Canada.,,Neutral,,Canadian Domestic Governance/Economy/Industry,
https://www.cbc.ca/player/play/video/9.6937157?cmp=rss,Canada,Left,cbc.ca,2025-10-13,"Mark Carney 'has what it takes' to deal with Trump, say Manitoba politicians","During his speech at the Gaza peace summit in Egypt, U.S. President Donald Trump re...","During his speech at the Gaza peace summit in Egypt, U.S. President Donald Trump referred to Prime Minister Mark Carney as â€œpresident.â€ Carney attended the ...",,Neutral,,Canada/US Relations,
https://www.cbc.ca/news/canada/prince-edward-island/carney-on-p-e-i-to-announce-new-measures-to-lower-costs-1.7595280?cmp=rss,Canada,Left,cbc.ca,2025-07-28,Carney on P.E.I. to announce 'new measures to lower costs',Prime Minister Mark Carn...,"Prime Minister Mark Carney is on P.E.I. Monday to announce ""new measure to lower costs for Canadians.""",,Neutral,,Canadian Domestic Governance/Economy/Industry,
https://www.cbc.ca/news/canada/calgary/danielle-smith-mark-carney-oil-pipeline-west-long-journey-alberta-bc-9.6995557?cmp=rss,Canada,Left,cbc.ca,2025-11-28,"Danielle Smith's pipeline clears another hurdle after deal with Mark Carney. Now, who will build it?",Wanted: a private company ready to commit bill...,The Alberta premier's dream of building a new pipeline to northwest B.C. has come incrementally closer to becoming a reality. But finding someone in the private...,,Neutral,,Canadian Domestic Governance/Economy/Industry,
https://www.cbc.ca/news/politics/carney-canada-day-1.7574773?cmp=rss,Canada,Left,cbc.ca,2025-07-01,Carney praises Canadian unity as Canada Day celebrations kick off,In his first Canada Day address as prime minist...,"In his first Canada Day address as prime minister, Mark Carney emphasized Canadian unity in a ""changing"" world.",,Neutral,,Culture/Social life/Events/Sports,
https://www.cbc.ca/news/politics/carney-government-budget-november-1.7635345?cmp=rss,Canada,Left,cbc.ca,2025-09-16,Carney government to table first budget on Nov. 4,"During Tuesday's question period, Fi...",The Liberal government will table the federal budget — the first under Prime Minister Mark Carney — in early November.,,Neutral,,Canadian Domestic Governance/Economy/Industry,
https://www.cbc.ca/news/politics/carney-preston-manning-western-independence-1.7502033?cmp=rss,Canada,Left,cbc.ca,2025-04-04,Carney calls Preston Manning's Western independence comments 'dramatic',"Liberal Leader Mark Carney says he governs for all of Canada and called prominent conservative Preston Manning's comments on Western independence ""dramatic"" dur...",Liberal Leader Mark Carney says he governs for all of Canada and calledÂ prominent conservative Preston Manning's comments on Western independence,,Neutral,,Canadian Domestic Governance/Economy/Industry,
https://www.cbc.ca/player/play/video/9.6740104?cmp=rss,Canada,Left,cbc.ca,2025-04-29,Carney dances to Down With Webster after election win,Celebrating his election victory — Liberal Leader Mark Carney danced to the song h...,Celebrating his election victory — Liberal Leader Mark Carney danced to the song he often ended his rallies with: Time to Win by Down With Webster.,,Positive,,2025 Elections/Campaigning/Federal Parties,dancing to victory
https://www.cbc.ca/player/play/video/9.6705245?cmp=rss,Canada,Left,cbc.ca,2025-03-31,"Day 9: Poilievre campaigns in N.B., Carney in GTA",Conservative Leader Pierre Poilievre is in New Brunswick as the second full week of the ...,"Conservative Leader Pierre Poilievre is in New Brunswick as the second full week of the campaign gets underway, while Liberal Leader Mark Carney is in the Great...",,Neutral,,2025 Elections/Campaigning/Federal Parties,
https://www.cbc.ca/news/politics/carney-un-trip-1.7642836?cmp=rss,Canada,Left,cbc.ca,2025-09-24,Carney sees possibilities for Canada at UN General Assembly,Prime Minister Mark Carney said Canada can find opportunities in crisis after attending this week's United Nations General Assembly in New York — where U.S. P...,Prime Minister Mark Carney said Canada can find opportunities in crisis after attending this week's United Nations General Assembly in New York — where U.S. P...,,Neutral,"""hope""?",International Relations & Diplomacy,
https://www.cbc.ca/player/play/video/9.6619102,Canada,Left,cbc.ca,2025-01-21,"Ontario Liberal MP endorses Carney, citing need for economic leadership",Ontario Liberal MP and Crown-Indigenous Relations Minister Gary An...,Ontario Liberal MP and Crown-Indigenous Relations Minister Gary Anandasangaree says he's 'very proud to support' Liberal Party leadership candidate Mark C...,,Positive,,2025 Elections/Campaigning/Federal Parties,
https://www.cbc.ca/player/play/video/9.6696251,Canada,Left,cbc.ca,2025-03-24,Carney talks 9/11 response at Gander campaign stop,"Amid ongoing U.S. hostility from the Trump administration, Liberal Leader Mark Carney u...","Amid ongoing U.S. hostility from the Trump administration, Liberal Leader Mark Carney used a Gander, N.L., campaign stop to remind people how Canada rushed to h...",,Neutral,,Canada/US Relations,
https://www.cbc.ca/news/politics/carney-trump-trade-softwood-1.7601624?cmp=rss,Canada,Left,cbc.ca,2025-08-05,Carney announces over $1B in supports for clobbered softwood lumber industry,Prime Minister Mark Carney vowed to use Canadian lumber to build homes and provide financial supports for the forestry sector as the U.S. hikes duties on the so...,Prime Minister Mark Carney vowed to use Canadian lumber toÂ build homes and unveiled financial supports for the forestry sector as the U.S. hikes duties on the ...,,Neutral,,Canadian Domestic Governance/Economy/Industry,
https://www.foxnews.com/world/netanyahu-accuses-uk-france-canada-enabling-hamas,US,Right,foxnews.com,2025-05-23,"Netanyahu accuses the UK, France and Canada of 'enabling Hamas'","Israeli Prime Minister Benjamin Netanyahu did not hold back in his criticism of U.K. Prime Minister Keir Starmer, French President Emmanuel Macron and Canadian ...","Israeli Prime Minister Benjamin Netanyahu criticizes U.K., France, and Canada for their stance on Gaza, accusing them of emboldening Hamas.",,Negative,,International Relations & Diplomacy,
https://www.foxnews.com/media/william-shatner-has-counter-offer-mind-canadas-new-prime-minister,US,Right,foxnews.com,05/10/2025,William Shatner has a 'counter-offer' in mind for Canada's new prime minister,"Canadian actor William Shatner teased the ""counter-offer"" he would have liked Canada's newly-elected Prime Minister Mark Carney to have made against President D...",Canadian actor William Shatner weighs in on President Donald Trump's quest to make Canada the nation's 51st state and reveals whether he wants to go to Mars on,,Neutral,,Canada/US Relations,
https://www.foxnews.com/world/trump-claims-canada-considering-offer-free-golden-dome-exchange-becoming-51st-state,US,Right,foxnews.com,2025-05-28,Trump claims Canada 'considering' offer of free Golden Dome in exchange for becoming 51st state,"U.S. President Donald Trump purported on Tuesday that Canada was ""considering"" giving up its statehood in exchange for protection by the proposed ""Golden Dome"" ...","U.S. President Donald Trump claimed Canada was ""considering"" giving up its statehood in exchange for protection by the proposed ""Golden Dome"" at no cost.",,Neutral,,Canada/US Relations,
https://www.foxnews.com/opinion/david-marcus-trumps-canada-tariffs-take-toll-would-be-conservative-prime-minister-pierre-poilievre,US,Right,foxnews.com,03/10/2025,DAVID MARCUS: Trump's Canada tariffs take toll on would-be Conservative Prime Minister Pierre Poilievre,"The Calgary Petroleum Club is exactly what you would expect: dark wooden walls, fine decor, and rugged-looking wea...",Columnist David Marcus talks to Canadians in Alberta about how President Trump's tariffs are affecting the political climate.,,Neutral,,Canada/US Relations,
https://www.foxnews.com/world/who-could-replace-trudeau-canadian-prime-minister-trump-threatening-tariffs,US,Right,foxnews.com,01/07/2025,"Who could replace Trudeau as Canadian prime minister, with Trump threatening tariffs?","Canada's Justin Trudeau announced his resignation as prime minister Monday, with his Liberal Party in turmoil amid declining poll numbers and an election on the...",There are several contenders to be the next Labor Party leader after Canadian Prime Minister Justin Trudeau announced his upcoming resignation.,,Neutral,,2025 Elections/Campaigning/Federal Parties,
https://www.foxnews.com/world/israeli-minister-warns-canada-marching-toward-abyss-after-jewish-man-attacked-front-children,US,Right,foxnews.com,2025-08-13,Israeli minister warns Canada is 'marching toward the abyss' after Jewish man attacked in front of children,Canadian Prime Minister Mark Carney faced criticism for failing to promptly condemn the assault of a Jewish man wa...,"Jewish father brutally attacked in Montreal suburb while walking with children as antisemitic incidents surge across Canada, officials report.",,Negative,,International Relations & Diplomacy,
https://www.foxnews.com/world/g7-summit-opens-canada-leaders-address-trade-wars-while-hoping-avoid-clash-trump,US,Right,foxnews.com,2025-06-16,"G7 summit opens in Canada, with leaders to address trade, wars while hoping to avoid clash with Trump","Group of Seven leaders are meeting in Canada, with issues such as the Israel-Iran conflict and U.S. tariffs high o...","Group of Seven leaders are meeting in Canada, with issues such as the Israel-Iran conflict and U.S. tariffs high on the agenda.",,Neutral,,Canada/US Relations,
https://www.foxnews.com/world/world-leaders-react-trumps-sweeping-tariffs-tumultuous-times-ahead,US,Right,foxnews.com,04/03/2025,World leaders react to Trump's sweeping tariffs: 'tumultuous times' ahead,World leaders reacted to the sweeping tariffs President Donald Trump released this week impacting essentially every U.S. trading partner. The White House has i...,"World leaders reacted to President Donald Trump's tariff announcements with some vowing retaliation, while others hold out hope they can negotiate the taxes awa...",,Neutral,,Canada/US Relations,should we keep
https://www.foxnews.com/politics/trump-pressures-4-gop-senators-ahead-anti-canadian-tariff-vote-accusing-them-tds,US,Right,foxnews.com,04/02/2025,"Trump pressures 4 GOP senators ahead of anti-Canadian tariff vote, accusing them of 'TDS'","President Donald Trump called out GOP Sens. Mitch McConnell and Rand Paul of Kentucky, Susan Collins of Maine, and Lisa Murkowski of Alaska, in an effort to app...","President Donald Trump pressured Sens. McConnell, Paul, Collins, and Murkowski in a Truth Social post ahead of an upcoming vote to scuttle his Canadian tariffs.",,Neutral,,Canada/US Relations,
https://www.foxnews.com/media/rogan-mocks-canada-reelecting-liberal-party-says-dumba-conservative-candidate-refused-come-show,US,Right,foxnews.com,05/07/2025,"Rogan mocks Canada for reelecting Liberal Party, says 'dumba--' Conservative candidate refused to come on show",Podcaster Joe Rogan on Tuesday marveled at how Canada reelected yet another liberal government after years of controversies. Canada's Liberal Party won the cou...,"Podcaster Joe Rogan claimed that Canadian politician Pierre Poilievre made a strategic choice to not appear on his show, arguing they could have had a pleasant ...",,Negative,,2025 Elections/Campaigning/Federal Parties,
https://www.foxnews.com/politics/trump-says-his-aug-1-tariff-deadline-will-not-extended-here-countries-might-not-make,US,Right,foxnews.com,2025-07-30,Trump says his Aug 1 tariff deadline 'will not be extended' ‚Äì here are the countries that might not make it,"President Donald Trump warned that his August 1 deadline for making a trade deal with the U.S. ""stands strong"" on ...","President Donald Trump reaffirmed that his August 1 tariff deadline will not be extended as Canada, Mexico, South Korea, Taiwan and others face potential tariff...",,Neutral,,Canada/US Relations,should we keep
https://www.foxnews.com/politics/carney-says-canada-wont-ever-sale-trump-responding-never-say-never,US,Right,foxnews.com,2025-06-05,"Trump has repeatedly discussed Canada becoming another US state, along with sharing plans to acquire Greenland and the Panama Canal","Carney says Canada is not for sale, Trump replies, 'Never say never'","Canada's Prime Minister Mark Carney told President Donald Trump that Canada wouldn't ever be available for purchase. In response, Trump told him the option wasn't off the table.",,Neutral,,Canada/US Relations,
https://www.foxnews.com/world/canadian-pm-carney-meet-trump-white-house-after-election-influenced-annexation-threats,US,Right,foxnews.com,2025-07-05,"Conservative leader Pierre Poilievre shares blame with President Donald Trump for Liberals winning Canadian election, say analysts",Canadian PM Carney to meet Trump at White House after election influenced by annexation threats,"""Trump set the stage"" for Liberal Prime Minister Mark Carney ""as a somber leader for the Liberals, who made people feel assured that things could be handled when there was a sense of fear of people at the beginning of the campaign worried about"" the president’s threats of annexing Canada as the 51st state",,Neutral,,2025 Elections/Campaigning/Federal Parties,
https://www.foxnews.com/world/canada-elections-prime-minister-carneys-liberal-party-lead-fourth-consecutive-government,US,Right,foxnews.com,2025-04-28,"The Liberal Party is led by Canadian Prime Minister Mark Carney, who took over after Justin Trudeau resigned",Canada Elections: Prime Minister Carney's Liberal Party to lead fourth consecutive government,"The Liberals, led by Canadian Prime Minister Mark Carney, who took over after Justin Trudeau resigned earlier this year, won the election in a shocking turnaround sparked by U.S. President Donald Trump's threats of annexation and his tariffs on America's close ally and northern neighbor.",,Neutral,,2025 Elections/Campaigning/Federal Parties,
https://www.foxnews.com/world/trump-threats-boosted-canadas-carney-hurt-conservatives-country-votes-new-leader,US,Right,foxnews.com,2025-04-29,Trump took to social media on Monday to offer advice to voters and encourage them to become the 51st state,"Trump threats boosted Canada’s Carney, hurt Conservatives as country votes for new leader","In a dramatic reversal, the governing Liberals, who were trailing the official opposition Conservatives in the polls earlier this year, appear poised to win their fourth consecutive term in office thanks to President Donald Trump’s threats against Canada’s economy and sovereignty, according to election watchers.",,Neutral,,2025 Elections/Campaigning/Federal Parties,edge case could also be canada us??
https://www.foxnews.com/world/canadas-new-pm-trump-critic-mark-carney-accused-being-out-touch-common-man,US,Right,foxnews.com,2025-03-15,Carney is a former Goldman Sachs banker and UN special envoy for climate action and finance,Canada’s new PM and Trump critic Mark Carney accused of being out of touch with the 'common man’,Canada’s self-described ‘globalist’ new Prime Minister Mark Carney immediately took aim at President Donald Trump upon winning his party’s leadership contest last week.,,Negative,,Biography/Opinion/Criticism/Personal Details,
https://www.foxnews.com/world/mark-carney-wins-liberal-party-nomination-replace-trudeau-canadas-next-pm,US,Right,foxnews.com,2025-09-03,Carney expected to call election in coming days where he will face Conservative challenger Pierre Poilievre,Mark Carney wins Liberal Party nomination to replace Trudeau as Canada's next PM,"Former Bank of Canada governor Mark Carney will become Canada’s next prime minister after winning the Liberal leadership race on Sunday night. Carney told cheering supporters that ""Canada never ever will be part of America in any way, shape or form.""",,Neutral,,2025 Elections/Campaigning/Federal Parties,
https://www.foxnews.com/world/canadian-pm-carney-old-relationship-us-over-tension-trump-tariffs,US,Right,foxnews.com,2025-03-27,Canadian leader's remarks come amid tension with Trump administration over new tariffs,Canadian Prime Minister Mark Carney says 'old relationship' with US 'is over' amid tension over Trump tariffs,"Canadian Prime Minister Mark Carney on Thursday said the ""old relationship"" with the United States ""is over"" while vowing to engage in a renegotiation over a trade agreement.",,Neutral,,Canada/US Relations,
https://www.foxnews.com/world/new-canadian-prime-minister-calls-snap-election-respond-trump,US,Right,foxnews.com,2025-03-23,Liberal leader Mark Carney says Trump 'wants to break us so America can own us',New Canadian prime minister calls snap election to respond to Trump,New Canadian Prime Minister Mark Carney and his Conservative opponent kicked off their election campaigns Sunday against the backdrop of a trade war and annexation threats from U.S. President Donald Trump.,,Neutral,,Canada/US Relations,
https://www.foxnews.com/world/netanyahu-slams-carneys-reply-anti-israel-agitator-who-said-theres-genocide-gaza,US,Right,foxnews.com,2025-12-04,Canadian prime minister faces backlash from Jewish groups after seemingly agreeing with protester's claim about Israel's actions in Gaza,Netanyahu slams Carney's reply to anti-Israel agitator who said there's a 'genocide' in Gaza,"Israeli Prime Minister Benjamin Netanyahu criticized Canadian Prime Minister Mark Carney after he seemed to validate an anti-Israel protester’s assertion that there is a ""genocide"" in Gaza.",,Negative,,International Relations & Diplomacy,
https://www.foxnews.com/politics/canadian-politician-claims-trump-admins-51st-state-rhetoric-act-war,US,Right,foxnews.com,2025-03-21,"That’s an act of war,' a Canadian member of Parliament said of the Trump admin's tariffs and '51st state' comments",Canadian politician claims Trump admin's '51st state' rhetoric is an 'act of war',"A liberal Canadian member of Parliament claimed the Trump administration has committed an ""act of war"" over President Donald Trump repeatedly referring to Canada as the U.S.' ""51st state"" and for leveling tariffs on the nation.",,Neutral,,Canada/US Relations,
https://www.foxnews.com/video/6372425694112,US,Right,foxnews.com,2025-05-06,Senior White House correspondent Jacqui Heinrich provides details on President Donald Trump's meeting with newly elected Canadian PM Mark Carney. Ontario Premier Doug Ford joins 'America Reports' to weigh in.,Canadian PM Carney shuts down annexation speculation: 'Won't be for sale ever',,,Neutral,,Canada/US Relations,
https://www.foxnews.com/video/6372434077112,US,Right,foxnews.com,2025-05-06,‘The Five’ co-hosts discuss President Donald Trump and Canadian Prime Minister Mark Carney's meeting at the White House.,Trump 'senses weakness' with Canada: Judge Jeanine,,,Neutral,,Biography/Opinion/Criticism/Personal Details,opinion piece
https://www.foxnews.com/video/6372444712112,US,Right,foxnews.com,2025-05-06,Fox News host Sean Hannity gives his take on President Donald Trump's meeting with Canadian Prime Minister Mark Carney at the White House on 'Hannity.',"Canada's newly-elected PM was 'forced to swallow his pride,' says Sean Hannity",,,Negative,,Biography/Opinion/Criticism/Personal Details,
https://www.foxnews.com/video/6372434298112,US,Right,foxnews.com,2025-05-06,Fox News senior White House correspondent Jacqui Heinrich breaks down the takeaways from President Donald Trump's meeting with newly-elected Canadian Prime Minister Mark Carney and a development in trade talks with China on 'Special Report.',Never for sale': Canadian PM dismisses prospect of country joining US,,,Neutral,,Biography/Opinion/Criticism/Personal Details,also opinion piece
https://nypost.com/2025/10/06/us-news/trump-live-updates-news-oct-6-7/,US,Right,nypost.com,2025-10-06,"Trump jokes about US-Canada 'merger' with PM Carney, who deems prez a 'transformative' leader",Follow The Post’s live coverage of the Trump administration as US Attorney General Pam Bondi gets a Capitol Hill interrogation over claims of White House pressure on the Justice Department.,"President Trump couldn't resist a crack about the ""merger of Canada and the United States"" while hosting Canadian Prime Minister Mark Carney in the Oval Office.",,Neutral,?,Canada/US Relations,
https://nypost.com/2025/07/10/us-news/trump-announces-35-tariffs-on-imports-from-canada-teases-higher-blanket-rates/,US,Right,nypost.com,2025-07-10,Trump announces 35% tariffs on imports from Canada -- teases higher blanket rates,"Trump, 79, notified Canadian Prime Minister Mark Carney of the incoming tariffs in a letter – one of dozens the president has fired off to foreign leaders this week ahead...","President Trump revealed Thursday that imported goods from Canada will be subject to a 35% tariff starting next month, and that blanket levies may exceed 10%.",,Neutral,,Canada/US Relations,
https://nypost.com/2025/05/10/world-news/king-charles-coming-to-canada-to-send-president-trump-message-about-51st-state/,US,Right,nypost.com,2025-05-10,Royal defense: King Charles coming to Canada to send Trump message about 51st state,King Charles has accepted newly elected Prime Minister Mark Carney's plea to travel to Canada - on the taxpayers' dime - to give a speech that will open Canada's new...,"The Royals are coming to Canada’s defense, as the country wards off threats from President Trump to make the Great White North the 51st state.",,Negative,on taxpayer's dime,International Relations & Diplomacy,CAN/US or other?
https://nypost.com/2025/05/06/us-news/trump-teases-very-very-big-announcement-ahead-of-middle-east-trip/,US,Right,nypost.com,2025-05-06,"Trump teases 'very, very big announcement' ahead of Middle East trip","Carney played along, telling the president when asked to speak that he was ""on the edge of my seat.""","President Trump teased Tuesday that he will make a “very, very big announcement” that will be “earth-shattering” before he jets off next week on a highly anticipated visit to the Middle East.",,Neutral,,Canada/US Relations,
https://nypost.com/video/trump-meets-canadas-new-leader-reporter-replay/,US,Right,nypost.com,2025-05-06,Trump meets Canada's new leader | Reporter Replay,President Trump had three little words for newly-elected Canadian Prime Minister Mark Carney on May 6 after the commander in chief again said he wanted Canada to be America’s 51st...,President Trump had three little words for newly-elected Canadian Prime Minister Mark Carney on May 6 after the commander in chief again said he wanted Canada to be America’s 51st state.,,Neutral,"belittling? ""three little words""",Canada/US Relations,
https://nypost.com/2025/05/06/us-news/trump-rips-canada-moments-before-carney-meeting-we-dont-need-anything-they-have/,US,Right,nypost.com,2025-05-06,"Trump offers blunt, 3-word response after Canada's new PM says country is 'not for sale'",President Trump again he wanted Canada to be America’s 51st state — but was rebuffed by newly-elected Prime Minister Mark Carney in a tense exchange in the Oval Office.,WASHINGTON — President Trump had three little words for newly elected Canadian Prime Minister Mark Carney on Tuesday after the commander-in-chief again said he wanted Canada to be America’s 51st state.,,Neutral,?,Canada/US Relations,
https://nypost.com/2025/05/03/opinion/canadas-new-leader-is-bad-for-canada-and-the-us/,US,Right,nypost.com,2025-05-03,Why Canada's new leader is bad for Canada — and the US,"The Liberals may have a new leader in Carney, but his policies will shift little from his predecessor.","This past Monday evening, the Liberal Party of Canada — already a decade in power — secured a new government under Prime Minister Mark Carney, its freshly appointed leader.",,Negative,,Biography/Opinion/Criticism/Personal Details,
https://nypost.com/2025/04/30/opinion/canadian-lessons-for-democrats-its-nuts-for-us-to-walk-away-and-other-commentary/,US,Right,nypost.com,2025-04-30,"Canadian lessons for Democrats, it’s nuts for US to ‘walk away’ and other commentary","Mark Carney led Canada’s Liberal Party to a remarkable comeback victory by “shaking up voters’ expectations of their party, standing for patriotism and national values, and promoting sensible pro-growth economics,”...","Canada's Prime Minister and Liberal Party leader Mark Carney waves to supporters at a victory party in Ottawa, Ontario on April 29, 2025.",,Negative,,2025 Elections/Campaigning/Federal Parties,
https://nypost.com/video/who-is-mark-carney-all-about-canadas-new-prime-minister/,US,Right,nypost.com,2025-04-29,Who is Mark Carney? All about Canada's new Prime Minister,"Canadian Prime Minister Mark Carney declared victory in the country’s pivotal national election on April 28, vowing to never let the US “break us” in a blistering warning to President...","Canadian Prime Minister Mark Carney declared victory in the country’s pivotal national election on April 28, vowing to never let the US “break us” in a blistering warning to President Trump. After polls closed, Carney’s Liberal Party was projected to win more of the Canadian Parliament’s 343 seats than the Conservatives, a notable comeback for the Liberals, who had been 20 percentage points behind in the polls before Justin Trudeau’s resignation in January. Here’s everything you need to know about Canada’s new Prime Minister.",,Neutral,,Biography/Opinion/Criticism/Personal Details,
https://nypost.com/2025/04/25/us-news/trump-insists-no-im-not-trolling-with-canada-51st-state-claim/,US,Right,nypost.com,2025-04-25,Trump shuts down speculation he's 'trolling' about controversial proposal: 'I'm really not',"Trump has rarely mentioned annexing Canada since Mark Carney took over as prime minister last month from Justin Trudeau, whom Trump mockingly called ""governor.""",WASHINGTON — President Trump has said he is dead serious when he argues Canada should become America’s 51st state.,,Neutral,,Canada/US Relations,
https://nypost.com/2025/04/19/world-news/canada-ramps-up-anti-us-rhetoric-amid-trade-war/,US,Right,nypost.com,2025-04-19,Canada PM Carney ramps up anti-US rhetoric: 'We must react with crushing force',"Canada's new Prime Minister Mark Carney has amped up the anti-US rhetoric since swooping in to replace Justin Trudeau at the helm of the Liberal Party, saying this week the...","Canada’s new Prime Minister Mark Carney has amped up the anti-US rhetoric since swooping in to replace Justin Trudeau at the helm of the Liberal Party, saying this week the Great White North doesn’t need the US.",,Neutral,anti-US rhetoric,Canada/US Relations,
https://nypost.com/2025/04/03/business/canadas-pm-fires-back-at-trumps-liberation-day-tariffs-with-new-levy-on-imported-vehicles/,US,Right,nypost.com,2025-04-03,Canada's PM fires back at Trump's Liberation Day tariffs with new levy on imported vehicles,Carney said the tariff’s will target all vehicles that are not compliant with the US-Mexico-Canada trade deals.,"Canada will hit the US with a reciprocal 25% tariff on all imported vehicles, Prime Minister Mark Carney announced Thursday — as he called President Trump’s Liberation Day tariffs a “tragedy” for global trade.",,Neutral,"""fires back""",Canada/US Relations,
https://nypost.com/2025/03/28/us-news/trump-speaks-with-canada-pm-mark-carney-ahead-of-25-tariffs-nixing-governor-taunt/,US,Right,nypost.com,2025-03-28,Trump speaks with Canada's new PM ahead of 25% tariffs — nixing 'governor' taunt he applied to Trudeau,"President Trump spoke Friday with Canada’s new PM as the US prepares to slap 25% tariffs on Canadian imports — and referred to the leader as “Prime Minister,’’ dropping the...","WASHINGTON — President Trump spoke Friday with Canada’s new prime minister as the US prepares to slap 25% tariffs on all Canadian imports — and referred to Mark Carney by his title, dropping the “governor” moniker he applied to predecessor Justin Trudeau.",,Neutral,,Canada/US Relations,
https://nypost.com/2025/03/23/world-news/canadian-pm-mark-carney-calls-snap-election-slams-trump-trade-war/,US,Right,nypost.com,2025-03-23,Canadian PM calls snap election as he declares Trump trade war 'most significant crisis of our lifetimes',"Canadian Prime Minister Mark Carney has called for a snap federal election on April 28, claiming he needs a strong mandate to address President Donald Trump’s tariffs.","Canadian Prime Minister Mark Carney called a snap federal election on April 28, saying he needs a strong mandate to address President Trump’s tariffs.",,Neutral,,2025 Elections/Campaigning/Federal Parties,
https://nypost.com/2025/03/22/world-news/canada-prime-minister-to-call-snap-federal-election-sunday/,US,Right,nypost.com,2025-03-22,"Trudeau's replacement expected to call for April election, setting up showdown with conservative firebrand","Mark Carney is expected to call a snap federal election Sunday, kicking off a campaign that's sure to focus on the trade war with the US and President Trump's talk...","One week after being sworn in as Canada’s new prime minister, Mark Carney is expected to call a snap federal election Sunday, kicking off a campaign that’s sure to focus on the trade war with the US.",,Neutral,,2025 Elections/Campaigning/Federal Parties,
https://nypost.com/2025/03/11/world-news/canada-prime-minister-elect-mark-carney-looks-chummy-with-epstein-accomplice-ghislaine-maxwell/,US,Right,nypost.com,2025-03-11,Canada's Prime Minister-elect looks chummy with Epstein accomplice in newly resurfaced pics,Carney's camp says that the images are nothing more than a political ploy ahead of the Canadian federal election later this year.,"Canada’s incoming prime minister, Mark Carney, has some photos with Jeffrey Epstein’s longtime accomplice Ghislaine Maxwell that he’d rather you not see.",,Negative,Epstein,Biography/Opinion/Criticism/Personal Details,
https://nypost.com/2025/03/09/world-news/mark-carney-former-uk-and-canada-central-bank-chief-announced-as-justin-trudeaus-successor/,US,Right,nypost.com,2025-03-09,"Canada's new PM immediately takes shot at Trump over trade war, 51st state comments: 'Will destroy our way of life'","Carney, 59, overwhelmingly won the race to lead the country’s federal Liberal party on Sunday after taking home 86% of the ballots, making him the first outsider with no real political background...","Mark Carney, the former head of the UK and Canada central banks, was named Prime Minister Justin Trudeau’s successor Sunday and immediately fired shots at President Trump in his victory speech.",,Negative,"""immediately fired shots"" at trump",Canada/US Relations,
https://nypost.com/2025/03/08/world-news/mark-carney-frontrunner-to-replace-trudeau-as-canadas-pm/,US,Right,nypost.com,2025-03-08,Meet Canada's next probable leader — who once compared Trump to Voldemort,"The frontrunner to take over the reins when the Liberal Party chooses its new leader Sunday is a former central bank Governor who compared Trump to Voldemort, the villain from...",The frontrunner to take over the reins from Justin Trudeau on Sunday when Canada’s Liberal Party chooses its new leader is a tough-talking former Goldman Sachs executive who has compared President Trump to the Harry Potter villain Voldemort.,,Negative,states that he compared trump to voldemort,Biography/Opinion/Criticism/Personal Details,
https://nypost.com/2025/06/30/us-news/canada-rescinds-digital-services-tax-targeting-us-technology-firms-to-advance-stalled-trade-talks/,US,Right,nypost.com,2025-06-30,Canada abruptly scraps digital services tax targeting US technology firms days after Trump ripped ‘foolish’ move,Canada scrapped its digital services tax targeting U.S. technology firms late on Sunday.,"Canada abruptly scrapped its plan to enforce a new digital service tax on American tech firms — days after President Trump blasted the “foolish” move as a “direct and blatant attack” on the United States. Canadian Prime Minister Mark Carney caved just hours before the new levy was slated to go into effect on Monday, as the country scrambles to revive stalled trade negotiations ahead of a looming July 21 deadline.","US News, canada, donald trump, trade war",Negative,,Canada/US Relations,
https://nypost.com/2025/07/06/opinion/trump-cant-give-up-the-fight-against-foreign-meddling-in-us-tech/,US,Right,nypost.com,2025-07-06,Trump can’t give up the fight against foreign meddling in US tech,"Kudos to President Trump for getting Canada to kill a blatantly unfair tax on US-based companies, but the fight against foreign meddling in America's tech industry is just beginning.","President Donald Trump and Canadian Prime Minister Mark Carney attend a meeting with G7 leaders and guests, at the G7 summit in Kananaskis, Alberta, Canada, June 16, 2025.","Opinion, canada, companies, donald trump, editorial, european union, fines, free speech, silicon valley, tariffs",Negative,"""blatantly unfair""",Canada/US Relations,
https://nypost.com/2025/04/10/us-news/canadian-pm-mark-carney-quickly-pledges-to-negotiate-new-economic-and-security-relationship-with-us-after-trump-pauses-tariffs-on-other-nations/,US,Right,nypost.com,2025-04-10,Canadian PM quickly pledges to negotiate 'new economic and security relationship' with US after Trump pauses tariffs on other nations,Canadian Prime Minister Mark Carney pledged Wednesday to negotiate a â€œnew economic and security relationshipâ€ with the US â€“ an announcement that comes on ...,"â€œThe pause on reciprocal tariffs announced by President Trump is a welcome reprieve for the global economy,â€ Carney wrote on X, referring to the commander i...","Politics, US News, canada, donald trump, elections, tariffs",Neutral,,Canada/US Relations,
https://nypost.com/2025/04/26/world-news/president-trump-pitched-canada-on-51st-state-during-first-call-with-pm-carney/,US,Right,nypost.com,2025-04-26,President Trump pitched Canada on 51st state during first call with PM Carney,"President Donald Trump kicked off his first call with Canadian Prime Minister Mark Carney by pitching the new leader the idea of a 51st state, the prime ministe...","President Donald Trump kicked off his first call with Mark Carney last month by pitching the new leader the idea of a 51st state, the Canadian Prime Minister ad...","World News, US News, canada, donald trump, phone call, politics, tariffs, trade war",Neutral,,Canada/US Relations,
https://nypost.com/2025/04/28/world-news/canadian-prime-minister-mark-carneys-liberals-win-an-election-upended-by-trump/,US,Right,nypost.com,2025-04-29,Canadian Prime Minister Mark Carney's Liberals win an election upended by Trump,"Prime Minister Mark Carney's Liberal Party won Canada's federal election on Monday, capping a stunning turnaround in fortunes fueled by US President Donald ...","Prime Minister Mark Carney's Liberal Party won Canada's federal election on Monday, capping a stunning turnaround in fortunes fueled by Donald Trump's ann...","World News, Politics, canada, donald trump, elections, justin trudeau, trump",Neutral,,2025 Elections/Campaigning/Federal Parties,
https://nypost.com/2025/05/06/us-news/trump-rips-canada-moments-before-carney-meeting-we-dont-need-anything-they-have/,US,Right,nypost.com,2025-05-06,Trump rips Canada moments before meeting with new prime minister: 'We don't need ANYTHING they have',President Trump ripped Canada minutes before meeting newly elected Prime Minister Mark Carney on Tuesday â€“ setting a hostile tone for a closely watched meetin...,President Trump ripped Canada minutes before meeting newly elected Prime Minister Mark Carney on Tuesday â€“ setting a hostile tone for a closely watched meetin...,"Politics, US News, canada, donald trump, white house",Negative,,Canada/US Relations,
https://nypost.com/2025/05/21/us-news/canada-in-talks-with-us-about-joining-golden-dome-missile-defense-system-carney-says/,US,Right,nypost.com,2025-05-22,"Canada in talks with the US about joining its 'Golden Dome' missile defense system, Carney says",Canadian Prime Minister Mark Carney said Wednesday his government is talking to the U.S. about joining President Donald Trump's future Golden Dome missile def...,Canadian Prime Minister Mark Carney said Wednesday his government is talking to the U.S. about joining President Donald Trump's future Golden Dome missile def...,"Politics, US News, canada, defense, donald trump, military, missiles",Neutral,,Canada/US Relations,
https://nypost.com/2025/05/31/us-news/mark-carneys-daughter-cleo-caught-up-in-trump-harvard-row/,US,Right,nypost.com,2025-05-31,Canadian PM's daughter one of international students caught in Trump-Harvard row,The daughter of Canadian Prime Minister Mark Carney could be barred from returning to Harvard University in the fall thanks to the ongoing standoff between the ...,"Cleo Carney, who grew up in London while her father was Governor of the Bank of England, just finished her freshman year at the prestigious Cambridge university...","US News, World News, canada, donald trump, harvard university, international students",Neutral,,Biography/Opinion/Criticism/Personal Details,
https://nypost.com/2025/08/03/business/trump-carney-to-speak-in-coming-days-canadian-official-says/,US,Right,nypost.com,2025-08-03,"Trump, Carney to speak in coming days, Canadian official says",President Trump and Canadian Prime Minister Mark Carney will likely talk â€œover the next number of daysâ€ after the US imposed a 35% tariff on goods not cover...,"PresidentÂ Trump and Canadian Prime MinisterÂ MarkÂ CarneyÂ will likely talk ""over the next number of days"" after theÂ US imposed a 35% tariffÂ on goods not cov...","Business, canada, donald trump, tariffs, trade",Neutral,,Canada/US Relations,
https://nypost.com/2025/08/04/us-news/canadian-pm-mark-carney-the-butt-of-jokes-after-cheeky-vancouver-pride-parade-snap-goes-viral/,US,Right,nypost.com,2025-08-04,Canadian PM Mark Carney the butt of jokes after cheeky Vancouver Pride parade snap goes viral,"A photo of Canadian Prime Minister Mark Carney living it up at a recent Pride celebration went viral, showing the buttoned-up ex-Bank of England honcho in an em...","A photo of Canadian Prime Minister Mark Carney living it up a a recent Pride celebration went viral, showing the buttoned-up ex-Bank of England honcho in an emb...","US News, canada, gay pride, nudity, reuters",Negative,"""butt of jokes""",Culture/Social life/Events/Sports,
https://nypost.com/2025/08/22/business/canada-scraps-tariffs-on-us-imports-extends-olive-branch-to-trump/,US,Right,nypost.com,2025-08-22,Canada scraps billions in tariffs on US imports as it extends olive branch to Trump,Prime Minister Mark Carney is scrapping Canada's punishing tariffs on billions of dollars worth of American products in hopes of making trade peace with the T...,Prime Minister Mark Carney is scrapping Canada's punishing tariffs on billions of dollars worth of American products.,"Business, canada, donald trump, tariffs, trump",Neutral,"""scrapping""",Canada/US Relations,
https://nypost.com/2025/10/31/us-news/canadian-pm-mark-carney-apologized-for-anti-tariff-reagan-ad-trump-says/,US,Right,nypost.com,2025-10-31,"Canadian PM Mark Carney apologized for anti-tariff Reagan ad, Trump says",President Trump said Friday that Canadian Prime Minister Mark Carney apologized to him for an ad produced by the province of Ontario that spotlighted Ronald Rea...,President Trump broke off trade talks with Canada earlier this month in protest of the commercial that spotlighted Ronald Reagan's opposition to tariffs.,"Politics, US News, canada, donald trump, trade",Neutral,,Canada/US Relations,
https://nypost.com/2025/11/23/business/canadas-prime-minister-says-trade-talks-with-us-will-resume-when-appropriate/,US,Right,nypost.com,2025-11-23,Canada's prime minister says trade talks with US will resume 'when appropriate',"Canada will resume trade discussions with the US â€œwhen it's appropriate,â€ Canadian Prime Minister Mark Carney said on Sunday, noting he did not have a pre...",CanadaÂ will resume trade discussions with the US,"Business, canada, donald trump, trade",Neutral,,Canada/US Relations,
https://nypost.com/2025/10/23/us-news/trump-terminates-trade-talks-with-canada-over-ontarios-fake-anti-tariff-ad-featuring-ronald-reagan/,US,Right,nypost.com,2025-10-24,Trump terminates trade talks with Canada over Ontario's 'fake' anti-tariff ad featuring Ronald Reagan,"President Trump abruptly called off trade negotiations with Canada on Thursday after the Ontario government funded an anti-tariff ad campaign, featuring the voi...","President Trump abruptly called off trade negotiations with Canada on Thursday over an anti-tariff ad campaign, featuring the voice of Ronald Reagan, funded by ...","Politics, US News, canada, donald trump, negotiations, tariffs, trade, trade war",Neutral,,Canada/US Relations,
https://nypost.com/2025/04/02/us-news/canada-braces-for-fallout-from-trump-liberation-day-tariffs-including-massive-job-losses-and-possible-recession/,US,Right ,nypost.com,2025-04-02,Canada braces for fallout from Trump 'Liberation Day' tariffs — including massive job losses and possible recession,"Canada is bracing for the fallout of President Donald Trump's escalating trade war, with economists warning of spiking grocery prices, major job losses and ev...","Canada is bracing for the fallout of PresidentÂ Donald Trump'sÂ escalating trade war, with economists warning of spiking grocery prices, major job losses and ...","Politics, US News, canada, donald trump, tariffs",Neutral,,Canada/US Relations,